	Estimate	p-value
ESRP1	0.7855982597463721	0.0
(Intercept)	-6.605155122701124	0.0
