	Estimate	p-value
ESRP1	0.6674912648373963	0.0
IGF2BP2	0.16309705571538408	0.0
CFTR	0.10783359537256379	0.0
(Intercept)	-6.872587034189733	0.0
