{"train": {"cor": 0.3641364594192143, "r2": 0, "mann-w": 9.986538038476165e-79, "uplift": 7.830987124348846, "mds": 0, "mean_pred": 0.5131629508313531, "mean_true": 0.05810935330394237}, "validation": {"cor": 0.25450118454467086, "r2": 0, "mann-w": 4.4422267062441055e-28, "uplift": 7.477916696507935, "mds": 0, "mean_pred": 0.5135884506532085, "mean_true": 0.06057955852111123}, "train.accumulative": {"cor": 0.3604575410509355, "r2": 0, "mann-w": 1.1211233833876806e-78, "uplift": 7.8272948589983695, "mds": 0, "mean_pred": 0.5129483956796104, "mean_true": 0.05810935330394237}, "validation.accumulative": {"cor": 0.2473931555677403, "r2": 0, "mann-w": 4.4422267062441055e-28, "uplift": 7.476957605089136, "mds": 0, "mean_pred": 0.5135303493184762, "mean_true": 0.06057955852111123}}