{"train": {"cor": 0.5137820262096647, "r2": 0, "mann-w": 5.987372852063685e-108, "uplift": 8475.451260127313, "mds": 0, "mean_pred": 0.5000856200661199, "mean_true": 5.899705014744683e-05}, "validation": {"cor": 0.5513370018680807, "r2": 0, "mann-w": 1.0377293188649204e-33, "uplift": 8476.804089684105, "mds": 0, "mean_pred": 0.5001654330193229, "mean_true": 5.899705014744683e-05}, "train.accumulative": {"cor": 0.5137820262096647, "r2": 0, "mann-w": 5.987372852063685e-108, "uplift": 8475.451260127313, "mds": 0, "mean_pred": 0.5000856200661199, "mean_true": 5.899705014744683e-05}, "validation.accumulative": {"cor": 0.5513370018680807, "r2": 0, "mann-w": 1.0377293188649204e-33, "uplift": 8476.804089684105, "mds": 0, "mean_pred": 0.5001654330193229, "mean_true": 5.899705014744683e-05}}