	Estimate	p-value
CPEB2	-0.6871738079386518	0.0
RBM42	-1.292977515780752	0.0
SF3B4	-0.9366282960749861	0.0
RAVER1	1.9443051539074216	0.0
TUT1	-1.0050259224678944	0.0
SRP54	0.29860159514619106	0.0
QKI	0.43582830928134775	0.0
SNRPA	-0.3018788400758152	0.0
DHX9	0.5289757751668551	0.0
G3BP2	0.056966164934774466	0.0
NUDT21	-0.09879422534926113	0.0
RBFOX2	0.29523831305926873	0.0
PCBP1	0.8946573661519592	0.0
PABPN1	0.3550160740511245	0.0
(Intercept)	7.084340622893871	0.0
