{"train": {"cor": 0.4080890367696352, "r2": 0, "mann-w": 1.8701181921526417e-104, "uplift": -0.26891738686174954, "mds": 0.7310826131382504, "mean_pred": 0.7310394814206612, "mean_true": 0.9999410029498526}, "validation": {"cor": 0.3714928025441051, "r2": 0, "mann-w": 7.087054724032789e-36, "uplift": -0.26891508422053323, "mds": 0.7310849157794668, "mean_pred": 0.7310417839260285, "mean_true": 0.9999410029498526}}