{"train": {"cor": 0.45569431713372216, "r2": 0, "mann-w": 1.020874905415253e-14, "uplift": -0.10680937423245838, "mds": 0.8931906257675416, "mean_pred": 0.6831500093461395, "mean_true": 0.7648423411957455}, "validation": {"cor": 0.48363049501156946, "r2": 0, "mann-w": 0.0010974047972648095, "uplift": -0.09627720244991739, "mds": 0.9037227975500826, "mean_pred": 0.6817298960871392, "mean_true": 0.7543573072796794}}