{"train": {"cor": 0.9669641546484543, "r2": 0, "mann-w": 1.4188325341934784e-06, "uplift": -0.2689103666007869, "mds": 0.7310896333992132, "mean_pred": 0.7310465012674492, "mean_true": 0.9999410029498526}, "validation": {"cor": 0.9844866434131663, "r2": 0, "mann-w": 0.00010954966620901557, "uplift": -0.2691380428286646, "mds": 0.7308619571713354, "mean_pred": 0.7308188384717973, "mean_true": 0.9999410029498526}}