{"train": {"cor": 0.7875207684163589, "r2": 0, "mann-w": 0.0001625411528149805, "uplift": 1.0076131236033867, "mds": 0, "mean_pred": 0.6187757056876377, "mean_true": 0.30821461486415336}, "validation": {"cor": 0.0176744446711746, "r2": 0, "mann-w": 7.601304782873113e-05, "uplift": 1.2828586249128135, "mds": 0, "mean_pred": 0.6924605936116257, "mean_true": 0.3033304761209521}}