{"train": {"cor": NaN, "r2": 0, "mann-w": 5.260223719637309e-12, "uplift": -0.26890988889225365, "mds": 0.7310901111077464, "mean_pred": 0.731046978947799, "mean_true": 0.9999410029498526}, "validation": {"cor": NaN, "r2": 0, "mann-w": 7.356100586769295e-05, "uplift": -0.2678483934695055, "mds": 0.7321516065304945, "mean_pred": 0.731046978947799, "mean_true": 0.998491258404895}}