{"train": {"cor": NaN, "r2": 0, "mann-w": 2.8508083010644643e-24, "uplift": 476.5712071508537, "mds": 0, "mean_pred": 0.5002612374668358, "mean_true": 0.0010475113029768876}, "validation": {"cor": NaN, "r2": 0, "mann-w": 4.003272516972358e-09, "uplift": 457.2369105167206, "mds": 0, "mean_pred": 0.5002612374668358, "mean_true": 0.001091708734031764}, "train.accumulative": {"cor": 0.057031856130199066, "r2": 0, "mann-w": 1.7782854874923613e-21, "uplift": 476.57114613901894, "mds": 0, "mean_pred": 0.5002611735562493, "mean_true": 0.0010475113029768876}, "validation.accumulative": {"cor": -0.3349215642230876, "r2": 0, "mann-w": 3.397807564086679e-08, "uplift": 457.23687188006704, "mds": 0, "mean_pred": 0.5002611952868636, "mean_true": 0.001091708734031764}}