{"train": {"cor": NaN, "r2": 0, "mann-w": 2.1105131049529573e-77, "uplift": -0.2636975268153653, "mds": 0.7363024731846347, "mean_pred": 0.7291828825195525, "mean_true": 0.9903306169347922}, "validation": {"cor": NaN, "r2": 0, "mann-w": 2.8098302080864273e-27, "uplift": -0.264317109559354, "mds": 0.735682890440646, "mean_pred": 0.7291828825195525, "mean_true": 0.9911646607450662}}