{"train": {"cor": 0.5715333570166418, "r2": 0, "mann-w": 2.6316084543393755e-66, "uplift": 1.0060768060957288, "mds": 0, "mean_pred": 0.5679625708715087, "mean_true": 0.28312104957580864}, "validation": {"cor": 0.2679531390169848, "r2": 0, "mann-w": 5.243804759262352e-23, "uplift": 1.359257988775187, "mds": 0, "mean_pred": 0.5654679099877489, "mean_true": 0.23968040488921374}, "train.accumulative": {"cor": 0.5676212324933686, "r2": 0, "mann-w": 2.4382010107041093e-64, "uplift": 0.9754107290521432, "mds": 0.02458927094785679, "mean_pred": 0.5592803589525561, "mean_true": 0.28312104957580864}, "validation.accumulative": {"cor": 0.26817194620665763, "r2": 0, "mann-w": 2.521309067702742e-22, "uplift": 1.3365825016031947, "mds": 0, "mean_pred": 0.5600330400413056, "mean_true": 0.23968040488921374}}