{"train": {"cor": NaN, "r2": 0, "mann-w": 6.883618988920756e-138, "uplift": 17.678593735483044, "mds": 0, "mean_pred": 0.5067673244976668, "mean_true": 0.02713091422589161}, "validation": {"cor": NaN, "r2": 0, "mann-w": 3.8530181992272893e-47, "uplift": 19.538264501445795, "mds": 0, "mean_pred": 0.5067673244976668, "mean_true": 0.024674301203102766}, "train.accumulative": {"cor": 0.2116577875742421, "r2": 0, "mann-w": 6.209746751586168e-121, "uplift": 17.593340661736267, "mds": 0, "mean_pred": 0.5044543306663494, "mean_true": 0.02713091422589161}, "validation.accumulative": {"cor": 0.13988891230288256, "r2": 0, "mann-w": 1.6660118726947568e-41, "uplift": 19.44748319400276, "mds": 0, "mean_pred": 0.5045273591742059, "mean_true": 0.024674301203102766}}