{"train": {"cor": 0.6821199034033981, "r2": 0, "mann-w": 3.888611188011315e-25, "uplift": 1562.0421926444342, "mds": 0, "mean_pred": 0.5000715633510256, "mean_true": 0.0003199347821218947}, "validation": {"cor": 0.49795076143081063, "r2": 0, "mann-w": 3.125417672914086e-09, "uplift": 1287.5677943491585, "mds": 0, "mean_pred": 0.5000730766915676, "mean_true": 0.0003880844134740688}, "train.accumulative": {"cor": 0.6815336309780977, "r2": 0, "mann-w": 3.888611188011315e-25, "uplift": 1562.0421610478822, "mds": 0, "mean_pred": 0.5000715532421897, "mean_true": 0.0003199347821218947}, "validation.accumulative": {"cor": 0.49801022508560067, "r2": 0, "mann-w": 3.125417672914086e-09, "uplift": 1287.5677919310097, "mds": 0, "mean_pred": 0.5000730757531218, "mean_true": 0.0003880844134740688}}