{"train": {"cor": NaN, "r2": 0, "mann-w": 1.2606721001191525e-132, "uplift": -0.24983442059562797, "mds": 0.750165579404372, "mean_pred": 0.7242114507434639, "mean_true": 0.965402133377653}, "validation": {"cor": NaN, "r2": 0, "mann-w": 1.2141299011199212e-45, "uplift": -0.24928576871103952, "mds": 0.7507142312889605, "mean_pred": 0.7242114507434639, "mean_true": 0.964696579016503}, "train.accumulative": {"cor": -0.14916299331616836, "r2": 0, "mann-w": 2.4797270582986784e-116, "uplift": -0.4121049940963363, "mds": 0.5878950059036637, "mean_pred": 0.5675550929014649, "mean_true": 0.965402133377653}, "validation.accumulative": {"cor": -0.18850701852610272, "r2": 0, "mann-w": 3.4158956256734406e-40, "uplift": -0.4064655459096251, "mds": 0.5935344540903749, "mean_pred": 0.5725806573894123, "mean_true": 0.964696579016503}}