{"train": {"cor": 0.5176536140788065, "r2": 0, "mann-w": 5.623003953284302e-254, "uplift": 12.02159376870279, "mds": 0, "mean_pred": 0.5088710842722439, "mean_true": 0.03907901700138336}, "validation": {"cor": 0.5068388510389606, "r2": 0, "mann-w": 6.051783342885741e-87, "uplift": 12.507188237870679, "mds": 0, "mean_pred": 0.5080777079628059, "mean_true": 0.03761535702436476}, "train.accumulative": {"cor": 0.5176295032136539, "r2": 0, "mann-w": 5.623003953284302e-254, "uplift": 12.021472458317588, "mds": 0, "mean_pred": 0.5088663435816382, "mean_true": 0.03907901700138336}, "validation.accumulative": {"cor": 0.5072841022188718, "r2": 0, "mann-w": 6.051783342885741e-87, "uplift": 12.507098090194175, "mds": 0, "mean_pred": 0.5080743170257693, "mean_true": 0.03761535702436476}}