{"train": {"cor": NaN, "r2": 0, "mann-w": 5.376166278448434e-143, "uplift": 295.5403076793287, "mds": 0, "mean_pred": 0.5004186828730572, "mean_true": 0.0016875233144163237}, "validation": {"cor": NaN, "r2": 0, "mann-w": 2.5889734730265634e-49, "uplift": 305.6048867415759, "mds": 0, "mean_pred": 0.5004186828730572, "mean_true": 0.0016321288554504959}, "train.accumulative": {"cor": 0.03642749502170248, "r2": 0, "mann-w": 2.4702837081467405e-125, "uplift": 295.54013730444836, "mds": 0, "mean_pred": 0.5004183953614745, "mean_true": 0.0016875233144163237}, "validation.accumulative": {"cor": 0.029042896897312535, "r2": 0, "mann-w": 2.2523532892355146e-43, "uplift": 305.6046951444469, "mds": 0, "mean_pred": 0.5004183701618543, "mean_true": 0.0016321288554504959}}