{"train": {"cor": NaN, "r2": 0, "mann-w": 3.986376151031447e-74, "uplift": -0.2531806921361659, "mds": 0.7468193078638341, "mean_pred": 0.7253759734156666, "mean_true": 0.9712871182863456}, "validation": {"cor": NaN, "r2": 0, "mann-w": 3.685867463287875e-26, "uplift": -0.24933696479849074, "mds": 0.7506630352015092, "mean_pred": 0.7253759734156666, "mean_true": 0.9663136978910191}, "train.accumulative": {"cor": -0.29745409838440995, "r2": 0, "mann-w": 4.035832299488278e-65, "uplift": -0.2922631412141437, "mds": 0.7077368587858563, "mean_pred": 0.6874156940751447, "mean_true": 0.9712871182863456}, "validation.accumulative": {"cor": -0.24458209181335433, "r2": 0, "mann-w": 3.9495306032803855e-23, "uplift": -0.2772281640557243, "mds": 0.7227718359442756, "mean_pred": 0.698424325522794, "mean_true": 0.9663136978910191}}