{"train": {"cor": 0.5815496766049165, "r2": 0, "mann-w": 2.4282265885670744e-111, "uplift": 8474.687802879915, "mds": 0, "mean_pred": 0.5000405783406098, "mean_true": 5.899705014744683e-05}, "validation": {"cor": 0.3361304915556415, "r2": 0, "mann-w": 4.163592797618919e-41, "uplift": 8474.940289585149, "mds": 0, "mean_pred": 0.5000554743114201, "mean_true": 5.899705014744683e-05}, "train.accumulative": {"cor": 0.5815496766049165, "r2": 0, "mann-w": 2.4282265885670744e-111, "uplift": 8474.687802879915, "mds": 0, "mean_pred": 0.5000405783406098, "mean_true": 5.899705014744683e-05}, "validation.accumulative": {"cor": 0.3361304915556415, "r2": 0, "mann-w": 4.163592797618919e-41, "uplift": 8474.940289585149, "mds": 0, "mean_pred": 0.5000554743114201, "mean_true": 5.899705014744683e-05}}