{"train": {"cor": 0.9731490474389238, "r2": 0, "mann-w": 2.241861859649884e-13, "uplift": 0.8213996089634686, "mds": 0.17860039103653136, "mean_pred": 0.5787798005791206, "mean_true": 0.31776651193446537}, "validation": {"cor": 0.21109562666081938, "r2": 0, "mann-w": 1.898922700313391e-05, "uplift": 0.7669958544742406, "mds": 0.23300414552575943, "mean_pred": 0.5750947880085622, "mean_true": 0.32546470697843166}}