{"train": {"cor": 0.9160639953801107, "r2": 0, "mann-w": 0.0002751383331854665, "uplift": -0.0425509587525624, "mds": 0.9574490412474376, "mean_pred": 0.6719714203077713, "mean_true": 0.7018351801076282}, "validation": {"cor": 0.7067749428182184, "r2": 0, "mann-w": 0.00011666650926321314, "uplift": -0.09019663087659735, "mds": 0.9098033691234026, "mean_pred": 0.6812672016767214, "mean_true": 0.7488070772183705}, "train.accumulative": {"cor": 0.9139441314814566, "r2": 0, "mann-w": 4.7334258924568216e-06, "uplift": -0.05925717412915532, "mds": 0.9407428258708447, "mean_pred": 0.6602464106300234, "mean_true": 0.7018351801076282}, "validation.accumulative": {"cor": 0.6922255733426145, "r2": 0, "mann-w": 1.2003800584458577e-05, "uplift": -0.10782828203581474, "mds": 0.8921717179641853, "mean_pred": 0.6680644965056539, "mean_true": 0.7488070772183705}}