	Estimate	p-value
ESRP1	1.033851644001029	0.0
ESRP2	0.24098145864382892	0.0
OAS1	0.2703349931912674	0.0
SNRPA	-0.6792796315582368	0.0
RALY	0.4754892696127158	0.0
DDX58	0.004814091659664288	0.0
ZFP36	0.28805508137417213	0.0
RBFOX2	1.000089789777491	0.0
(Intercept)	-11.694810209337142	0.0
