{"train": {"cor": 0.4650332704272125, "r2": 0, "mann-w": 6.996410879902298e-30, "uplift": 41.998782225700275, "mds": 0, "mean_pred": 0.5004571863602407, "mean_true": 0.01163886883431593}, "validation": {"cor": 0.39585071844283387, "r2": 0, "mann-w": 4.1638758407902914e-10, "uplift": 35.89108284336583, "mds": 0, "mean_pred": 0.5007232900360321, "mean_true": 0.013573016876789178}, "train.accumulative": {"cor": 0.41857054113931913, "r2": 0, "mann-w": 6.996410879902298e-30, "uplift": 41.99762662516986, "mds": 0, "mean_pred": 0.5004437364772423, "mean_true": 0.01163886883431593}, "validation.accumulative": {"cor": 0.22360728834296684, "r2": 0, "mann-w": 5.033824990573413e-10, "uplift": 35.84132929057779, "mds": 0, "mean_pred": 0.5000479842243598, "mean_true": 0.013573016876789178}}