{"train": {"cor": 0.8649880386404948, "r2": 0, "mann-w": 3.928826688082594e-08, "uplift": -0.25837971719043296, "mds": 0.741620282809567, "mean_pred": 0.727225209821652, "mean_true": 0.9805896989044305}, "validation": {"cor": -0.41268968400225226, "r2": 0, "mann-w": 0.00017909714458578683, "uplift": -0.2708139909731986, "mds": 0.7291860090268014, "mean_pred": 0.72914298920326, "mean_true": 0.9999410029498526}, "train.accumulative": {"cor": 0.7689355621973821, "r2": 0, "mann-w": 4.0100446527033705e-08, "uplift": -0.28890703454087774, "mds": 0.7110929654591223, "mean_pred": 0.6972904368926193, "mean_true": 0.9805896989044305}, "validation.accumulative": {"cor": -0.4909477692982699, "r2": 0, "mann-w": 0.00017909714458578683, "uplift": -0.30558999435249906, "mds": 0.6944100056475009, "mean_pred": 0.6943690375055749, "mean_true": 0.9999410029498526}}