{"train": {"cor": 0.8946302725237656, "r2": 0, "mann-w": 3.322839405682996e-17, "uplift": 8474.250000006507, "mds": 0, "mean_pred": 0.5000147492625326, "mean_true": 5.899705014744683e-05}, "validation": {"cor": 0.9999927021696642, "r2": 0, "mann-w": 1.1721529080382169e-06, "uplift": 8474.661202620795, "mds": 0, "mean_pred": 0.5000390090037885, "mean_true": 5.899705014744683e-05}, "train.accumulative": {"cor": 0.8946302725237656, "r2": 0, "mann-w": 3.322839405682996e-17, "uplift": 8474.250000006507, "mds": 0, "mean_pred": 0.5000147492625326, "mean_true": 5.899705014744683e-05}, "validation.accumulative": {"cor": 0.9999927021696642, "r2": 0, "mann-w": 1.1721529080382169e-06, "uplift": 8474.661202620795, "mds": 0, "mean_pred": 0.5000390090037885, "mean_true": 5.899705014744683e-05}}