{"train": {"cor": NaN, "r2": 0, "mann-w": 1.1102763421255943e-39, "uplift": -0.2563728513711068, "mds": 0.7436271486288932, "mean_pred": 0.7265084693574795, "mean_true": 0.9769794858848587}, "validation": {"cor": NaN, "r2": 0, "mann-w": 4.295025543508204e-14, "uplift": -0.25690467178579013, "mds": 0.7430953282142099, "mean_pred": 0.7265084693574795, "mean_true": 0.9776786931273117}, "train.accumulative": {"cor": -0.20296330715106625, "r2": 0, "mann-w": 5.706869476916338e-35, "uplift": -0.2702815445644577, "mds": 0.7297184554355423, "mean_pred": 0.7129199614321093, "mean_true": 0.9769794858848587}, "validation.accumulative": {"cor": -0.45703139110073754, "r2": 0, "mann-w": 1.4858149335429264e-12, "uplift": -0.26336532026989634, "mds": 0.7366346797301037, "mean_pred": 0.7201920309907835, "mean_true": 0.9776786931273117}}