{"train": {"cor": 0.8721907976632354, "r2": 0, "mann-w": 2.9282770550694395e-30, "uplift": 8474.286622180289, "mds": 0, "mean_pred": 0.5000169098627557, "mean_true": 5.899705014744683e-05}, "validation": {"cor": 0.7204103956691076, "r2": 0, "mann-w": 3.69250126653587e-12, "uplift": 8474.677983822678, "mds": 0, "mean_pred": 0.5000399990451976, "mean_true": 5.899705014744683e-05}, "train.accumulative": {"cor": 0.8721907976632354, "r2": 0, "mann-w": 2.9282770550694395e-30, "uplift": 8474.286622180289, "mds": 0, "mean_pred": 0.5000169098627557, "mean_true": 5.899705014744683e-05}, "validation.accumulative": {"cor": 0.7204103956691076, "r2": 0, "mann-w": 3.69250126653587e-12, "uplift": 8474.677983822678, "mds": 0, "mean_pred": 0.5000399990451976, "mean_true": 5.899705014744683e-05}}