{"train": {"cor": 0.8822451169304593, "r2": 0, "mann-w": 3.2714048529139908e-75, "uplift": 1.0995601186492407, "mds": 0, "mean_pred": 0.5652763016756497, "mean_true": 0.269235587328322}, "validation": {"cor": 0.7821245328976469, "r2": 0, "mann-w": 1.6497622118478314e-21, "uplift": 1.0463021240391115, "mds": 0, "mean_pred": 0.5763078950103011, "mean_true": 0.28163382534772075}}