	Estimate	p-value
RBM42	-0.6379055401737389	0.0
RAVER1	1.8335097362708526	0.0
TUT1	-1.5175834805736133	0.0
SRP19	-1.1400267195551022	0.0
SNRPA	-1.172178301591126	0.0
AGO2	0.65984041325731	0.0
RBM24	-0.26691070067864103	0.0
ADAR	0.6927717650935903	0.0
PABPN1	-0.5164971022236138	0.0
(Intercept)	17.299027909497788	0.0
