{"train": {"cor": 0.5137820262096648, "r2": 0, "mann-w": 8.732966458353552e-74, "uplift": -0.268965633534612, "mds": 0.731034366465388, "mean_pred": 0.7309912375942101, "mean_true": 0.9999410029498526}, "validation": {"cor": 0.5513370018680808, "r2": 0, "mann-w": 7.939428880561139e-25, "uplift": -0.2690284206121645, "mds": 0.7309715793878355, "mean_pred": 0.73092845422091, "mean_true": 0.9999410029498526}}