{"train": {"cor": 0.9033302288708138, "r2": 0, "mann-w": 3.483830655293772e-11, "uplift": -0.26890988889225365, "mds": 0.7310901111077464, "mean_pred": 0.731046978947799, "mean_true": 0.9999410029498526}, "validation": {"cor": 0.4050795360593579, "r2": 0, "mann-w": 4.711963618154557e-05, "uplift": -0.26903413031479645, "mds": 0.7309658696852035, "mean_pred": 0.7309227448551336, "mean_true": 0.9999410029498526}}