	Estimate	p-value
CPEB4	-0.35427255258366436	0.0
ESRP1	0.21678571269931823	0.0
MBNL1	-1.548436091474011	0.0
RBM38	-1.0986327478478985	0.0
ACO1	0.4598584607238183	0.0
CELF5	-1.9303942689310112	0.0
IGF2BP2	0.349025879751648	0.0
CFTR	0.21032178658602896	0.0
TUT1	-2.3142932791274524	0.0
SNRPA	0.6443236173409527	0.0
ZFP36	0.735089597525914	0.0
(Intercept)	4.117754569732958	0.0
