	Estimate	p-value
CFTR	0.5462676245814465	0.0
(Intercept)	-4.2198890710748955	0.0
