{"train": {"cor": 0.28486421042494947, "r2": 0, "mann-w": 0.00022190193084934955, "uplift": 2.538961662806366, "mds": 0, "mean_pred": 0.521427740973247, "mean_true": 0.14733918890767506}, "validation": {"cor": 0.6266912313055452, "r2": 0, "mann-w": 0.026029384375300103, "uplift": 0.10443858039790636, "mds": 0.8955614196020937, "mean_pred": 0.5282537612168627, "mean_true": 0.47830071367711896}, "train.accumulative": {"cor": 0.2539041110423969, "r2": 0, "mann-w": 0.00022190193084934955, "uplift": 2.5167376381831414, "mds": 0, "mean_pred": 0.5181532712109969, "mean_true": 0.14733918890767506}, "validation.accumulative": {"cor": 0.5688144200801739, "r2": 0, "mann-w": 0.03184488756831434, "uplift": 0.10424779619632453, "mds": 0.8957522038036755, "mean_pred": 0.5281625089970878, "mean_true": 0.47830071367711896}}