	Estimate	p-value
ESRP2	2.1375522857216276	0.0
(Intercept)	-8.271227445554317	0.0
