	Estimate	p-value
ESRP2	1.9673453560568448	0.0
(Intercept)	-7.771286736770997	0.0
