{"train": {"cor": 0.5581520388470868, "r2": 0, "mann-w": 1.5759912884448718e-21, "uplift": 9.164358081988931, "mds": 0, "mean_pred": 0.5073344323030414, "mean_true": 0.04991308139783361}, "validation": {"cor": 0.4685197792184996, "r2": 0, "mann-w": 1.5607022241160513e-08, "uplift": 5.094546645377485, "mds": 0, "mean_pred": 0.5094651051482418, "mean_true": 0.08359360175455455}, "train.accumulative": {"cor": 0.5650058651957879, "r2": 0, "mann-w": 1.5759912884448718e-21, "uplift": 9.158663949296201, "mds": 0, "mean_pred": 0.5070502205944591, "mean_true": 0.04991308139783361}, "validation.accumulative": {"cor": 0.43898718934330133, "r2": 0, "mann-w": 1.5607022241160513e-08, "uplift": 5.078072177755355, "mds": 0, "mean_pred": 0.5080879450627193, "mean_true": 0.08359360175455455}}