{"train": {"cor": 0.5596823143845749, "r2": 0, "mann-w": 3.8673102873580214e-35, "uplift": -0.2461800234792407, "mds": 0.7538199765207593, "mean_pred": 0.7253244027794344, "mean_true": 0.962198436458469}, "validation": {"cor": 0.23623068335541353, "r2": 0, "mann-w": 7.273421775514448e-16, "uplift": -0.2530509916229644, "mds": 0.7469490083770356, "mean_pred": 0.7271679667366839, "mean_true": 0.9735175474918539}}