{"train": {"cor": 0.73513898606921, "r2": 0, "mann-w": 3.0269000542214344e-20, "uplift": -0.26432453855586074, "mds": 0.7356754614441392, "mean_pred": 0.7298194462371002, "mean_true": 0.9920399476210017}, "validation": {"cor": 0.6093111553913032, "r2": 0, "mann-w": 3.3184428214986893e-09, "uplift": -0.2633460981149039, "mds": 0.7366539018850962, "mean_pred": 0.7300474593698674, "mean_true": 0.9910318230877175}}