{"train": {"cor": NaN, "r2": 0, "mann-w": 5.4866864084823784e-42, "uplift": 8474.249999999927, "mds": 0, "mean_pred": 0.5000147492625326, "mean_true": 5.899705014749263e-05}, "validation": {"cor": NaN, "r2": 0, "mann-w": 8.516701617370754e-15, "uplift": 8474.249999999927, "mds": 0, "mean_pred": 0.5000147492625326, "mean_true": 5.899705014749263e-05}, "train.accumulative": {"cor": 0.058903785113599505, "r2": 0, "mann-w": 1.0071754243604226e-36, "uplift": 8474.249983090065, "mds": 0, "mean_pred": 0.5000147482649007, "mean_true": 5.899705014749263e-05}, "validation.accumulative": {"cor": 0.12802586384750092, "r2": 0, "mann-w": 4.330404204694834e-13, "uplift": 8474.249960000883, "mds": 0, "mean_pred": 0.500014746902707, "mean_true": 5.899705014749263e-05}}