{"train": {"cor": NaN, "r2": 0, "mann-w": 4.79127138887584e-79, "uplift": 114.018906402347, "mds": 0, "mean_pred": 0.5010577404330178, "mean_true": 0.00435630763763542}, "validation": {"cor": NaN, "r2": 0, "mann-w": 1.3568290512599624e-26, "uplift": 106.88225605624511, "mds": 0, "mean_pred": 0.5010577404330178, "mean_true": 0.004644487043094354}, "train.accumulative": {"cor": 0.07245348954533946, "r2": 0, "mann-w": 2.0069030368402853e-69, "uplift": 114.01872733906632, "mds": 0, "mean_pred": 0.5010569603782805, "mean_true": 0.00435630763763542}, "validation.accumulative": {"cor": -0.08436429630503824, "r2": 0, "mann-w": 1.656427010759942e-23, "uplift": 106.88214810032346, "mds": 0, "mean_pred": 0.5010572390331385, "mean_true": 0.004644487043094354}}