{"train": {"cor": NaN, "r2": 0, "mann-w": 1.2606721001191525e-132, "uplift": 13.7013949072947, "mds": 0, "mean_pred": 0.5086369001650326, "mean_true": 0.03459786662234694}, "validation": {"cor": NaN, "r2": 0, "mann-w": 1.2141299011199212e-45, "uplift": 13.40758107841167, "mds": 0, "mean_pred": 0.5086369001650326, "mean_true": 0.03530342098349698}, "train.accumulative": {"cor": 0.14916299331616556, "r2": 0, "mann-w": 2.4797270582986784e-116, "uplift": 13.522065515936916, "mds": 0, "mean_pred": 0.5024324858013693, "mean_true": 0.03459786662234694}, "validation.accumulative": {"cor": 0.18850701852610513, "r2": 0, "mann-w": 3.4158956256734406e-40, "uplift": 13.23703209523124, "mds": 0, "mean_pred": 0.5026159376135065, "mean_true": 0.03530342098349698}}