{"train": {"cor": NaN, "r2": 0, "mann-w": 8.030554050398281e-141, "uplift": -0.2654317503865128, "mds": 0.7345682496134872, "mean_pred": 0.7297912966109289, "mean_true": 0.9934969242067407}, "validation": {"cor": NaN, "r2": 0, "mann-w": 2.937633752133243e-48, "uplift": -0.2654353598059651, "mds": 0.7345646401940349, "mean_pred": 0.7297912966109289, "mean_true": 0.9935018059379429}}