{"train": {"cor": NaN, "r2": 0, "mann-w": 2.8508083010644643e-24, "uplift": 58.0679504563094, "mds": 0, "mean_pred": 0.5021251887066679, "mean_true": 0.00850080601794493}, "validation": {"cor": NaN, "r2": 0, "mann-w": 4.003272516972358e-09, "uplift": 38.51922252443083, "mds": 0, "mean_pred": 0.5021251887066679, "mean_true": 0.012705846841907214}, "train.accumulative": {"cor": 0.13623911047823056, "r2": 0, "mann-w": 1.7782854874923613e-21, "uplift": 58.06747136639343, "mds": 0, "mean_pred": 0.5021211160562271, "mean_true": 0.00850080601794493}, "validation.accumulative": {"cor": -0.28624759600709504, "r2": 0, "mann-w": 3.397807564086679e-08, "uplift": 38.51891588074108, "mds": 0, "mean_pred": 0.5021212925389109, "mean_true": 0.012705846841907214}}