	Estimate	p-value
IFIH1	0.007426475942137175	0.0
ESRP1	1.0805989829832865	0.0
SRP54	0.5129560206582464	0.0
ESRP2	0.37366589909483294	0.0
HNRNPF	0.34007008898903723	0.0
ERI1	0.4232138731415002	0.0
SRSF9	-0.04421344551968902	0.0
RBMS1	-0.8477535205948199	0.0
IGF2BP2	-0.20597906381022912	0.0
DHX9	0.14609394345826635	0.0
NUDT21	0.34475191958103	0.0
TUT1	-0.46545307346808173	0.0
DDX58	0.3731540012409038	0.0
ZFP36	0.04226431909543621	0.0
(Intercept)	-11.130444872363766	0.0
