{"train": {"cor": 0.6860014969984425, "r2": 0, "mann-w": 1.741463975938581e-10, "uplift": 0.37341716776836426, "mds": 0.6265828322316358, "mean_pred": 0.5981522852238339, "mean_true": 0.43552119433293424}, "validation": {"cor": 0.18278151910038276, "r2": 0, "mann-w": 1.0307773219945567e-05, "uplift": 0.49033188770285957, "mds": 0.5096681122971405, "mean_pred": 0.5654468280811772, "mean_true": 0.3794100044069615}, "train.accumulative": {"cor": 0.6728074477448208, "r2": 0, "mann-w": 1.4525507267310522e-09, "uplift": 0.35567026131932206, "mds": 0.6443297386806779, "mean_pred": 0.5904231313314322, "mean_true": 0.43552119433293424}, "validation.accumulative": {"cor": 0.2887904584117988, "r2": 0, "mann-w": 2.747005546031854e-05, "uplift": 0.4738570438550792, "mds": 0.5261429561449208, "mean_pred": 0.5591961075042868, "mean_true": 0.3794100044069615}}