{"train": {"cor": 0.7969155017536883, "r2": 0, "mann-w": 1.2747574240762227e-81, "uplift": 1.1708441044297357, "mds": 0, "mean_pred": 0.5651397103781866, "mean_true": 0.2603317802623346}, "validation": {"cor": 0.694821878229579, "r2": 0, "mann-w": 1.9802260217749015e-32, "uplift": 1.1543666356980984, "mds": 0, "mean_pred": 0.5730209581402423, "mean_true": 0.26598116989245024}}