{"train": {"cor": NaN, "r2": 0, "mann-w": 1.379600843768977e-85, "uplift": 8474.249999999927, "mds": 0, "mean_pred": 0.5000147492625326, "mean_true": 5.899705014749263e-05}, "validation": {"cor": NaN, "r2": 0, "mann-w": 1.8468419324333347e-29, "uplift": 8474.249999999927, "mds": 0, "mean_pred": 0.5000147492625326, "mean_true": 5.899705014749263e-05}, "train.accumulative": {"cor": 0.1304420447791757, "r2": 0, "mann-w": 9.68934812657868e-75, "uplift": 8474.249830370447, "mds": 0, "mean_pred": 0.5000147392548937, "mean_true": 5.899705014749263e-05}, "validation.accumulative": {"cor": -0.04268377602530057, "r2": 0, "mann-w": 7.39185080600676e-26, "uplift": 8474.249896235408, "mds": 0, "mean_pred": 0.500014743140732, "mean_true": 5.899705014749263e-05}}