{"train": {"cor": 0.6889844888827262, "r2": 0, "mann-w": 0.0, "uplift": -0.23376100468750313, "mds": 0.7662389953124968, "mean_pred": 0.7189462187020665, "mean_true": 0.9382793398668743}, "validation": {"cor": 0.6792044816946491, "r2": 0, "mann-w": 1.9597876684427251e-218, "uplift": -0.23545753985498225, "mds": 0.7645424601450177, "mean_pred": 0.719969039131959, "mean_true": 0.9416992209894999}}