	Estimate	p-value
RBM42	0.32888139070105343	0.0
RAVER1	0.457105987174228	0.0
CSTF2	0.9813111067858834	0.0
TUT1	-1.1921751550974022	0.0
EIF4B	1.0560817436457823	0.0
SNRPA	-0.26323340039239174	0.0
CELF2	1.0081122748353217	0.0
ESRP2	-0.24055909836410735	0.0
DHX9	0.6462671600512918	0.0
RBMS1	0.2918367069943461	0.0
G3BP2	0.1713283671884379	0.0
PCBP1	0.9750851476261306	0.0
PABPN1	-2.05655522149149	0.0
(Intercept)	-1.1246220487101377	0.0
