{"train": {"cor": 0.5190549050943176, "r2": 0, "mann-w": 3.567380235918885e-39, "uplift": -0.269105347604825, "mds": 0.7308946523951749, "mean_pred": 0.7308515317667151, "mean_true": 0.9999410029498526}, "validation": {"cor": 0.34426449813729987, "r2": 0, "mann-w": 1.6592583741974556e-16, "uplift": -0.2690569226852011, "mds": 0.7309430773147989, "mean_pred": 0.7308999538294116, "mean_true": 0.9999410029498526}}