{"train": {"cor": NaN, "r2": 0, "mann-w": 3.278795409614809e-94, "uplift": -0.25488509723329567, "mds": 0.7451149027667043, "mean_pred": 0.7259841285287093, "mean_true": 0.974325068298916}, "validation": {"cor": NaN, "r2": 0, "mann-w": 2.7631314678956526e-33, "uplift": -0.25729737743122716, "mds": 0.7427026225687728, "mean_pred": 0.7259841285287093, "mean_true": 0.9774896526119168}, "train.accumulative": {"cor": -0.02281966159860311, "r2": 0, "mann-w": 1.0383811406806395e-82, "uplift": -0.35490851380702004, "mds": 0.64509148619298, "mean_pred": 0.6285288063440244, "mean_true": 0.974325068298916}, "validation.accumulative": {"cor": 0.11068658678098421, "r2": 0, "mann-w": 2.2636711179035798e-29, "uplift": -0.3589776311382571, "mds": 0.6410223688617429, "mean_pred": 0.626592732655133, "mean_true": 0.9774896526119168}}