	Estimate	p-value
ESRP1	0.6441199145579903	0.0
(Intercept)	-5.955006561855432	0.0
