{"train": {"cor": 0.44697462784437564, "r2": 0, "mann-w": 5.36256095412814e-68, "uplift": 6.944615831898378, "mds": 0, "mean_pred": 0.5163305671318869, "mean_true": 0.06499125672745196}, "validation": {"cor": 0.2687870639241585, "r2": 0, "mann-w": 4.1330162127762996e-24, "uplift": 7.072128984335049, "mds": 0, "mean_pred": 0.5159543949895316, "mean_true": 0.06391800676015014}, "train.accumulative": {"cor": 0.4469746278443755, "r2": 0, "mann-w": 5.36256095412814e-68, "uplift": 6.942210919882676, "mds": 0, "mean_pred": 0.5161742688776674, "mean_true": 0.06499125672745196}, "validation.accumulative": {"cor": 0.2687870639241585, "r2": 0, "mann-w": 4.1330162127762996e-24, "uplift": 7.069739941949198, "mds": 0, "mean_pred": 0.5158016921621624, "mean_true": 0.06391800676015014}}