{"train": {"cor": 0.46554841841263156, "r2": 0, "mann-w": 1.6103490945537949e-108, "uplift": 30.560751526949428, "mds": 0, "mean_pred": 0.5021267889989547, "mean_true": 0.015909848932785818}, "validation": {"cor": 0.4046855010965354, "r2": 0, "mann-w": 1.5093246709678677e-40, "uplift": 41.889493366025214, "mds": 0, "mean_pred": 0.5017048287594581, "mean_true": 0.011697616114926694}, "train.accumulative": {"cor": 0.4658691391975553, "r2": 0, "mann-w": 1.6103490945537949e-108, "uplift": 30.558545846230352, "mds": 0, "mean_pred": 0.5020916969519202, "mean_true": 0.015909848932785818}, "validation.accumulative": {"cor": 0.4056504797513673, "r2": 0, "mann-w": 1.5093246709678677e-40, "uplift": 41.8889930499197, "mds": 0, "mean_pred": 0.5016989762537196, "mean_true": 0.011697616114926694}}