{"train": {"cor": 0.6059552106688701, "r2": 0, "mann-w": 1.9474093961761594e-71, "uplift": 5.004372216863169, "mds": 0, "mean_pred": 0.5195347795870491, "mean_true": 0.086526078134854}, "validation": {"cor": 0.5166292211307185, "r2": 0, "mann-w": 9.368458608621601e-26, "uplift": 3.8666206684036677, "mds": 0, "mean_pred": 0.5227112593474427, "mean_true": 0.10740743833624096}, "train.accumulative": {"cor": 0.596367565313352, "r2": 0, "mann-w": 2.056259072499489e-71, "uplift": 5.001511891005956, "mds": 0, "mean_pred": 0.5192872868084367, "mean_true": 0.086526078134854}, "validation.accumulative": {"cor": 0.510682712147583, "r2": 0, "mann-w": 9.368458608621601e-26, "uplift": 3.8659165690262176, "mds": 0, "mean_pred": 0.5226356338369766, "mean_true": 0.10740743833624096}}