{"train": {"cor": NaN, "r2": 0, "mann-w": 1.2579036657260562e-51, "uplift": 20.643741204510363, "mds": 0, "mean_pred": 0.5058397397360097, "mean_true": 0.023371178529458542}, "validation": {"cor": NaN, "r2": 0, "mann-w": 1.2696712375275841e-18, "uplift": 25.758768663729683, "mds": 0, "mean_pred": 0.5058397397360097, "mean_true": 0.018903700169942906}, "train.accumulative": {"cor": 0.035887278033601394, "r2": 0, "mann-w": 1.9660455104851745e-45, "uplift": 20.59936109345379, "mds": 0, "mean_pred": 0.5048025242373494, "mean_true": 0.023371178529458542}, "validation.accumulative": {"cor": 0.016641819875334328, "r2": 0, "mann-w": 1.5850758116620382e-16, "uplift": 25.69873505666679, "mds": 0, "mean_pred": 0.5047048824279726, "mean_true": 0.018903700169942906}}