{"train": {"cor": 0.605955210668854, "r2": 0, "mann-w": 2.6609146714874054e-48, "uplift": -0.21682163462561854, "mds": 0.7831783653743815, "mean_pred": 0.7154130129384705, "mean_true": 0.913473921865146}, "validation": {"cor": 0.5166292211307034, "r2": 0, "mann-w": 3.1798350565213667e-16, "uplift": -0.20141121936185594, "mds": 0.7985887806381441, "mean_pred": 0.7128144054257387, "mean_true": 0.892592561663759}}