{"train": {"cor": NaN, "r2": 0, "mann-w": 1.1102763421255943e-39, "uplift": 20.969747150502737, "mds": 0, "mean_pred": 0.5057548743842338, "mean_true": 0.02302051411514131}, "validation": {"cor": NaN, "r2": 0, "mann-w": 4.295025543508204e-14, "uplift": 21.657941905859456, "mds": 0, "mean_pred": 0.5057548743842338, "mean_true": 0.02232130687268834}, "train.accumulative": {"cor": 0.20296330715106067, "r2": 0, "mann-w": 5.706869476916338e-35, "uplift": 20.95250956721902, "mds": 0, "mean_pred": 0.5053580563549401, "mean_true": 0.02302051411514131}, "validation.accumulative": {"cor": 0.4570313911007353, "r2": 0, "mann-w": 1.4858149335429264e-12, "uplift": 21.649612730173356, "mds": 0, "mean_pred": 0.5055689562977479, "mean_true": 0.02232130687268834}}