{"train": {"cor": 0.7121305645906482, "r2": 0, "mann-w": 7.15553087243777e-21, "uplift": 0.5175764232738301, "mds": 0.48242357672616987, "mean_pred": 0.5835845598426372, "mean_true": 0.3845503599638723}, "validation": {"cor": 0.4905886002327009, "r2": 0, "mann-w": 2.4900761856254845e-08, "uplift": 0.5956682739123484, "mds": 0.40433172608765156, "mean_pred": 0.5744578866116394, "mean_true": 0.36001084686803453}, "train.accumulative": {"cor": 0.6777866063469488, "r2": 0, "mann-w": 3.517431563141259e-18, "uplift": 0.4907900826395744, "mds": 0.5092099173604256, "mean_pred": 0.5732838629096193, "mean_true": 0.3845503599638723}, "validation.accumulative": {"cor": 0.4180200191690881, "r2": 0, "mann-w": 2.645345812987751e-07, "uplift": 0.5575811197728453, "mds": 0.4424188802271547, "mean_pred": 0.5607460979950836, "mean_true": 0.36001084686803453}}