{"train": {"cor": NaN, "r2": 0, "mann-w": 3.986376151031447e-74, "uplift": 16.663769605767005, "mds": 0, "mean_pred": 0.5071777273076323, "mean_true": 0.02871288171365443}, "validation": {"cor": NaN, "r2": 0, "mann-w": 3.685867463287875e-26, "uplift": 14.05590390025079, "mds": 0, "mean_pred": 0.5071777273076323, "mean_true": 0.03368630210898092}, "train.accumulative": {"cor": 0.2974540983844076, "r2": 0, "mann-w": 4.035832299488278e-65, "uplift": 16.616617984170055, "mds": 0, "mean_pred": 0.5058238683741122, "mean_true": 0.02871288171365443}, "validation.accumulative": {"cor": 0.24458209181334856, "r2": 0, "mann-w": 3.9495306032803855e-23, "uplift": 14.027063469172642, "mds": 0, "mean_pred": 0.5062061998333806, "mean_true": 0.03368630210898092}}