{"train": {"cor": 0.40663587379081134, "r2": 0, "mann-w": 7.724811497757812e-72, "uplift": 11.335608910907267, "mds": 0, "mean_pred": 0.5030474347783946, "mean_true": 0.0407801056609046}, "validation": {"cor": 0.26484328655376665, "r2": 0, "mann-w": 8.278725381929655e-25, "uplift": 10.511360119942385, "mds": 0, "mean_pred": 0.5015932736590726, "mean_true": 0.04357376265121859}, "train.accumulative": {"cor": 0.3793378962063524, "r2": 0, "mann-w": 9.16863940880875e-72, "uplift": 11.332788227443038, "mds": 0, "mean_pred": 0.5029324070086875, "mean_true": 0.0407801056609046}, "validation.accumulative": {"cor": 0.2623279059967947, "r2": 0, "mann-w": 8.531297890710162e-25, "uplift": 10.510401235538314, "mds": 0, "mean_pred": 0.5015514914576397, "mean_true": 0.04357376265121859}}