	Estimate	p-value
TIA1	-0.7259046691205611	0.0
AKAP1	0.5606927497909495	0.0
OAS1	-0.05306483310597855	0.0
RAVER1	1.0704885298740914	0.0
NUDT21	1.131503528808354	0.0
SNRPB2	-2.407825365442869	0.0
G3BP2	2.293742231024145	0.0
CMTR1	1.7813645669865457	0.0
(Intercept)	-5.300163382670275	0.0
