	Estimate	p-value
SRSF11	-0.32539897423866604	0.0
TIA1	-0.6155272978641556	0.0
(Intercept)	11.358975581135688	0.0
