{"train": {"cor": 0.2614550710047355, "r2": 0, "mann-w": 7.758605511464674e-19, "uplift": -0.2689313642858518, "mds": 0.7310686357141483, "mean_pred": 0.7310255048211858, "mean_true": 0.9999410029498526}, "validation": {"cor": 0.08117915497913214, "r2": 0, "mann-w": 2.608125631257483e-07, "uplift": -0.26891500626792253, "mds": 0.7310849937320775, "mean_pred": 0.7310418618740402, "mean_true": 0.9999410029498526}}