{"train": {"cor": 0.6725164313554909, "r2": 0, "mann-w": 1.5130900528840364e-10, "uplift": 20.70974992056855, "mds": 0, "mean_pred": 0.5058245916227483, "mean_true": 0.023299420466539458}, "validation": {"cor": 0.18002746676994283, "r2": 0, "mann-w": 0.00020614740103084563, "uplift": 9.650571289030706, "mds": 0, "mean_pred": 0.5152348085148427, "mean_true": 0.04837626025239567}, "train.accumulative": {"cor": 0.6565427360640985, "r2": 0, "mann-w": 1.514261706967006e-10, "uplift": 20.709718990535436, "mds": 0, "mean_pred": 0.5058238709709016, "mean_true": 0.023299420466539458}, "validation.accumulative": {"cor": 0.19004988410595453, "r2": 0, "mann-w": 0.00020614740103084563, "uplift": 9.650537312179274, "mds": 0, "mean_pred": 0.5152331648418352, "mean_true": 0.04837626025239567}}