{"train": {"cor": 0.5992835561470014, "r2": 0, "mann-w": 1.6953732062567347e-38, "uplift": -0.26897408971198467, "mds": 0.7310259102880153, "mean_pred": 0.730982781915727, "mean_true": 0.9999410029498526}, "validation": {"cor": 0.2985048788511449, "r2": 0, "mann-w": 8.197406143608385e-20, "uplift": -0.2690317085426482, "mds": 0.7309682914573519, "mean_pred": 0.7309251664844045, "mean_true": 0.9999410029498526}}