{"train": {"cor": NaN, "r2": 0, "mann-w": 3.3768945278001463e-101, "uplift": -0.26562706457560786, "mds": 0.7343729354243922, "mean_pred": 0.7298606369090201, "mean_true": 0.993855576236937}, "validation": {"cor": NaN, "r2": 0, "mann-w": 2.74435999484094e-35, "uplift": -0.2652764001706617, "mds": 0.7347235998293383, "mean_pred": 0.7298606369090201, "mean_true": 0.9933812349005153}}