{"train": {"cor": 0.6402997359285514, "r2": 0, "mann-w": 1.3861644083249413e-112, "uplift": 5.740007513530018, "mds": 0, "mean_pred": 0.5177784279138886, "mean_true": 0.07682163957154209}, "validation": {"cor": 0.25516693157836423, "r2": 0, "mann-w": 1.1039951023336644e-37, "uplift": 7.040259082776984, "mds": 0, "mean_pred": 0.5158655441669153, "mean_true": 0.06416031359884278}, "train.accumulative": {"cor": 0.6402997359285515, "r2": 0, "mann-w": 1.430965886000633e-112, "uplift": 5.738372442670706, "mds": 0, "mean_pred": 0.5176528190896607, "mean_true": 0.07682163957154209}, "validation.accumulative": {"cor": 0.25516693157836423, "r2": 0, "mann-w": 1.1039951023336644e-37, "uplift": 7.03851169567093, "mds": 0, "mean_pred": 0.5157534312622123, "mean_true": 0.06416031359884278}}