{"train": {"cor": 0.8233370197124454, "r2": 0, "mann-w": 1.4633790736750124e-38, "uplift": -0.22541705763424666, "mds": 0.7745829423657533, "mean_pred": 0.7160648610396081, "mean_true": 0.9244521430495001}, "validation": {"cor": 0.5716567805860905, "r2": 0, "mann-w": 6.445429918853508e-15, "uplift": -0.22483760616485796, "mds": 0.7751623938351421, "mean_pred": 0.71661800571558, "mean_true": 0.9244746796475617}}