{"train": {"cor": 0.6324610247359903, "r2": 0, "mann-w": 1.7937580373675995e-40, "uplift": -0.26891609329930816, "mds": 0.7310839067006918, "mean_pred": 0.7310407749067862, "mean_true": 0.9999410029498526}, "validation": {"cor": 0.6525173088836217, "r2": 0, "mann-w": 3.3883619418484187e-16, "uplift": -0.2689696513726453, "mds": 0.7310303486273547, "mean_pred": 0.7309872199932175, "mean_true": 0.9999410029498526}}