{"train": {"cor": 0.5673522027734963, "r2": 0, "mann-w": 1.7772079791366496e-28, "uplift": -0.2690317220362747, "mds": 0.7309682779637253, "mean_pred": 0.7309251529915741, "mean_true": 0.9999410029498526}, "validation": {"cor": 0.5665785162539998, "r2": 0, "mann-w": 5.5523944468827335e-11, "uplift": -0.26898472628521064, "mds": 0.7310152737147894, "mean_pred": 0.7309721459700275, "mean_true": 0.9999410029498526}}