{"train": {"cor": 0.6773352251205119, "r2": 0, "mann-w": 0.34647348168178116, "uplift": -0.002800711246360498, "mds": 0.9971992887536395, "mean_pred": 0.6661873618083731, "mean_true": 0.6680584004838338}, "validation": {"cor": 0.5639995016045651, "r2": 0, "mann-w": 0.017740689181387582, "uplift": -0.06092068330386798, "mds": 0.939079316696132, "mean_pred": 0.6673843192998243, "mean_true": 0.7106793935658334}}