{"train": {"cor": NaN, "r2": 0, "mann-w": 1.7068998765733003e-75, "uplift": 8474.249999999927, "mds": 0, "mean_pred": 0.5000147492625326, "mean_true": 5.899705014749263e-05}, "validation": {"cor": NaN, "r2": 0, "mann-w": 2.1376214088617443e-26, "uplift": 8474.249999999927, "mds": 0, "mean_pred": 0.5000147492625326, "mean_true": 5.899705014749263e-05}, "train.accumulative": {"cor": 0.11870775607629222, "r2": 0, "mann-w": 4.889782599021029e-66, "uplift": 8474.249909117947, "mds": 0, "mean_pred": 0.5000147439007638, "mean_true": 5.899705014749263e-05}, "validation.accumulative": {"cor": 0.10416457662937903, "r2": 0, "mann-w": 2.869620863328646e-23, "uplift": 8474.24984991345, "mds": 0, "mean_pred": 0.5000147404078732, "mean_true": 5.899705014749263e-05}}