{"train": {"cor": NaN, "r2": 0, "mann-w": 5.711999727810776e-20, "uplift": -0.26839410244671863, "mds": 0.7316058975532813, "mean_pred": 0.7308870785279202, "mean_true": 0.9990174778145378}, "validation": {"cor": NaN, "r2": 0, "mann-w": 1.3632684769806796e-07, "uplift": -0.268291122683204, "mds": 0.731708877316796, "mean_pred": 0.7308870785279202, "mean_true": 0.9988768773834078}}