{"train": {"cor": NaN, "r2": 0, "mann-w": 8.90852044927385e-26, "uplift": -0.2660691030949026, "mds": 0.7339308969050974, "mean_pred": 0.7300057867979225, "mean_true": 0.9946519350476637}, "validation": {"cor": NaN, "r2": 0, "mann-w": 1.6527685709226967e-09, "uplift": -0.26478624894834324, "mds": 0.7352137510516568, "mean_pred": 0.7300057867979225, "mean_true": 0.9929163943869592}}