{"train": {"cor": 0.8676199083152148, "r2": 0, "mann-w": 0.0005050909475600751, "uplift": 0.21023922099013145, "mds": 0.7897607790098685, "mean_pred": 0.6281061684071368, "mean_true": 0.5189934002413714}, "validation": {"cor": 0.3702031822864156, "r2": 0, "mann-w": 0.015376573359807905, "uplift": 0.32320935705088555, "mds": 0.6767906429491144, "mean_pred": 0.622686867401602, "mean_true": 0.47058831928865796}}