{"train": {"cor": NaN, "r2": 0, "mann-w": 4.258064451122631e-74, "uplift": -0.26394619223307914, "mds": 0.7360538077669209, "mean_pred": 0.7293527877461342, "mean_true": 0.9908960188099338}, "validation": {"cor": NaN, "r2": 0, "mann-w": 1.090186677801095e-24, "uplift": -0.2606952224645426, "mds": 0.7393047775354574, "mean_pred": 0.7293527877461342, "mean_true": 0.9865387184125888}}