{"train": {"cor": 0.42354509882960895, "r2": 0, "mann-w": 5.000250480031156e-31, "uplift": 22.098500922093084, "mds": 0, "mean_pred": 0.5034405663703185, "mean_true": 0.021795378326425998}, "validation": {"cor": 0.07504136913563064, "r2": 0, "mann-w": 3.211332349905143e-11, "uplift": 23.638976356668596, "mds": 0, "mean_pred": 0.5051145395044749, "mean_true": 0.020500630066466397}, "train.accumulative": {"cor": 0.46437074435263004, "r2": 0, "mann-w": 5.000250480031156e-31, "uplift": 22.07390537620466, "mds": 0, "mean_pred": 0.5029044971425354, "mean_true": 0.021795378326425998}, "validation.accumulative": {"cor": 0.14389044832376638, "r2": 0, "mann-w": 3.2027147791194746e-11, "uplift": 23.395268625881318, "mds": 0, "mean_pred": 0.500118377471267, "mean_true": 0.020500630066466397}}