{"train": {"cor": 0.5445245500057696, "r2": 0, "mann-w": 5.180518137237438e-25, "uplift": -0.16014590293035758, "mds": 0.8398540970696424, "mean_pred": 0.7158000992209257, "mean_true": 0.8522910130681545}, "validation": {"cor": 0.5620760933345181, "r2": 0, "mann-w": 4.5865884203116155e-09, "uplift": -0.1989925929904109, "mds": 0.8010074070095892, "mean_pred": 0.7192634134048843, "mean_true": 0.897948517217986}}