{"train": {"cor": 0.6725164313554665, "r2": 0, "mann-w": 2.493355861003536e-09, "uplift": -0.25621724396921497, "mds": 0.743782756030785, "mean_pred": 0.7264530488622623, "mean_true": 0.9767005795334606}, "validation": {"cor": 0.1800274667699504, "r2": 0, "mann-w": 0.00020614740103084563, "uplift": -0.24454797165043474, "mds": 0.7554520283495653, "mean_pred": 0.7189060844179265, "mean_true": 0.9516237397476043}}