{"train": {"cor": 0.8768788101771684, "r2": 0, "mann-w": 3.4523325132452864e-06, "uplift": 0.2041549988223361, "mds": 0.7958450011776639, "mean_pred": 0.630865496013125, "mean_true": 0.5239072184478839}, "validation": {"cor": 0.7686064509271027, "r2": 0, "mann-w": 0.00010672415045954866, "uplift": 0.39268891889175006, "mds": 0.6073110811082499, "mean_pred": 0.6356149380628945, "mean_true": 0.456394051421543}}