{"train": {"cor": NaN, "r2": 0, "mann-w": 5.376166278448434e-143, "uplift": -0.26803561406460236, "mds": 0.7319643859353977, "mean_pred": 0.7307291789688093, "mean_true": 0.9983124766855838}, "validation": {"cor": NaN, "r2": 0, "mann-w": 2.5889734730265634e-49, "uplift": -0.2680762271214855, "mds": 0.7319237728785145, "mean_pred": 0.7307291789688093, "mean_true": 0.9983678711445495}, "train.accumulative": {"cor": -0.036427495021710145, "r2": 0, "mann-w": 2.4702837081467405e-125, "uplift": -0.2681707560657115, "mds": 0.7318292439342885, "mean_pred": 0.7305942650229778, "mean_true": 0.9983124766855838}, "validation.accumulative": {"cor": -0.029042896897317604, "r2": 0, "mann-w": 2.2523532892355146e-43, "uplift": -0.2682232078391842, "mds": 0.7317767921608158, "mean_pred": 0.7305824381425812, "mean_true": 0.9983678711445495}}