{"train": {"cor": 0.4469746278443758, "r2": 0, "mann-w": 5.198552791982685e-65, "uplift": -0.23207282260933285, "mds": 0.7679271773906672, "mean_pred": 0.7180186250568827, "mean_true": 0.935008743272548}, "validation": {"cor": 0.26878706392415824, "r2": 0, "mann-w": 1.6085090548024357e-21, "uplift": -0.23262759144676357, "mds": 0.7673724085532364, "mean_pred": 0.718323493755778, "mean_true": 0.9360819932398499}}