{"train": {"cor": 0.2882719357837593, "r2": 0, "mann-w": 2.2936443226710474e-118, "uplift": -0.2647693411764917, "mds": 0.7352306588235082, "mean_pred": 0.730776214444428, "mean_true": 0.993941432765864}, "validation": {"cor": 0.14210252597470702, "r2": 0, "mann-w": 4.3635738191344464e-41, "uplift": -0.26773417648618075, "mds": 0.7322658235138193, "mean_pred": 0.730766097969675, "mean_true": 0.9979519383590132}, "train.accumulative": {"cor": -0.0009204506890459726, "r2": 0, "mann-w": 1.1860929283145022e-119, "uplift": -0.39275160077585447, "mds": 0.6072483992241455, "mean_pred": 0.6035693439696246, "mean_true": 0.993941432765864}, "validation.accumulative": {"cor": -0.11368291209759174, "r2": 0, "mann-w": 4.3635738191344464e-41, "uplift": -0.40074465889177946, "mds": 0.5992553411082205, "mean_pred": 0.5980280292309403, "mean_true": 0.9979519383590132}}