{"train": {"cor": NaN, "r2": 0, "mann-w": 2.808043696275809e-27, "uplift": 61.00666236827787, "mds": 0, "mean_pred": 0.5019576507920487, "mean_true": 0.008095221249141872}, "validation": {"cor": NaN, "r2": 0, "mann-w": 6.822885299629694e-10, "uplift": 70.60670770650727, "mds": 0, "mean_pred": 0.5019576507920487, "mean_true": 0.007009925003805659}, "train.accumulative": {"cor": -0.012882755631324004, "r2": 0, "mann-w": 4.1310016824310554e-24, "uplift": 61.00664557685704, "mds": 0, "mean_pred": 0.501957514861782, "mean_true": 0.008095221249141872}, "validation.accumulative": {"cor": -0.05489859898414377, "r2": 0, "mann-w": 7.1884185544795385e-09, "uplift": 70.60668814017848, "mds": 0, "mean_pred": 0.5019575136335512, "mean_true": 0.007009925003805659}}