{"train": {"cor": 0.44863479640963944, "r2": 0, "mann-w": 3.886533995239684e-71, "uplift": -0.23032843766733888, "mds": 0.7696715623326611, "mean_pred": 0.7231181704988265, "mean_true": 0.9395152502546097}, "validation": {"cor": 0.3812670211236407, "r2": 0, "mann-w": 6.597056989951467e-25, "uplift": -0.21409125101955045, "mds": 0.7859087489804495, "mean_pred": 0.7227906638915143, "mean_true": 0.9196877688779802}}