{"train": {"cor": 0.6540987827875688, "r2": 0, "mann-w": 0.0, "uplift": 1.4504886817098397, "mds": 0, "mean_pred": 0.5502640198809663, "mean_true": 0.2245527694080256}, "validation": {"cor": 0.6417182473611927, "r2": 0, "mann-w": 7.170234921740758e-230, "uplift": 1.529727197252905, "mds": 0, "mean_pred": 0.5486008661581663, "mean_true": 0.2168616705998599}, "train.accumulative": {"cor": 0.609805545688436, "r2": 0, "mann-w": 0.0, "uplift": 1.363566258033954, "mds": 0, "mean_pred": 0.5307453489208884, "mean_true": 0.2245527694080256}, "validation.accumulative": {"cor": 0.5993856725703388, "r2": 0, "mann-w": 2.7555467228416016e-214, "uplift": 1.444851144510238, "mds": 0, "mean_pred": 0.5301945035664697, "mean_true": 0.2168616705998599}}