	Estimate	p-value
CFTR	-0.07750535681295688	0.0
ESRP2	-1.1974820208370744	0.0
(Intercept)	-2.1019763098773288	0.0
