	Estimate	p-value
ESRP2	-0.9400311900876548	0.0
CFTR	-0.2551063142868052	0.0
(Intercept)	-1.8571168044471422	0.0
