{"train": {"cor": 0.21670910269307544, "r2": 0, "mann-w": 1.10506804309813e-17, "uplift": 51.67534960411873, "mds": 0, "mean_pred": 0.5003186859200905, "mean_true": 0.009498155962518191}, "validation": {"cor": -0.13238701643037962, "r2": 0, "mann-w": 5.896931646727281e-07, "uplift": 8477.924631496368, "mds": 0, "mean_pred": 0.5002315416812017, "mean_true": 5.899705014749263e-05}, "train.accumulative": {"cor": 0.19515635689320127, "r2": 0, "mann-w": 1.10506804309813e-17, "uplift": 51.65200403710448, "mds": 0, "mean_pred": 0.5000969460835558, "mean_true": 0.009498155962518191}, "validation.accumulative": {"cor": -0.1608642562410485, "r2": 0, "mann-w": 5.896931646727281e-07, "uplift": 8476.57771914481, "mds": 0, "mean_pred": 0.5001520778256525, "mean_true": 5.899705014749263e-05}}