{"train": {"cor": 0.27892658255645664, "r2": 0, "mann-w": 1.5985615711282462e-88, "uplift": 32.685431358533144, "mds": 0, "mean_pred": 0.5004265414469358, "mean_true": 0.014855874520964638}, "validation": {"cor": 0.21353405976039827, "r2": 0, "mann-w": 8.94973174123067e-31, "uplift": 29.481189154476738, "mds": 0, "mean_pred": 0.500363088277451, "mean_true": 0.01641547138274831}, "train.accumulative": {"cor": 0.2683885882394273, "r2": 0, "mann-w": 1.5985615711282462e-88, "uplift": 32.68189156783487, "mds": 0, "mean_pred": 0.5003739547604917, "mean_true": 0.014855874520964638}, "validation.accumulative": {"cor": 0.21830867074265928, "r2": 0, "mann-w": 8.94973174123067e-31, "uplift": 29.479198809860353, "mds": 0, "mean_pred": 0.5003304158323589, "mean_true": 0.01641547138274831}}