{"train": {"cor": 0.4793729647552955, "r2": 0, "mann-w": 0.0, "uplift": 80.22298835028762, "mds": 0, "mean_pred": 0.5012169605706454, "mean_true": 0.006170875644331922}, "validation": {"cor": 0.47496373122269303, "r2": 0, "mann-w": 0.0, "uplift": 86.64985738417943, "mds": 0, "mean_pred": 0.5011747342617998, "mean_true": 0.0057179184224464075}, "train.accumulative": {"cor": 0.4782597182855426, "r2": 0, "mann-w": 0.0, "uplift": 80.2204761442448, "mds": 0, "mean_pred": 0.5012014580595622, "mean_true": 0.006170875644331922}, "validation.accumulative": {"cor": 0.47440634435406737, "r2": 0, "mann-w": 0.0, "uplift": 86.64743056391089, "mds": 0, "mean_pred": 0.5011608579014784, "mean_true": 0.0057179184224464075}}