{"train": {"cor": 0.7246173600419117, "r2": 0, "mann-w": 4.1330162127762996e-24, "uplift": -0.23241128624916754, "mds": 0.7675887137508325, "mean_pred": 0.7182292097817523, "mean_true": 0.9356953755509454}, "validation": {"cor": 0.4860318963193665, "r2": 0, "mann-w": 8.81858287605721e-08, "uplift": -0.2412345637305291, "mds": 0.7587654362694709, "mean_pred": 0.7187250821055424, "mean_true": 0.9472296018637987}}