{"train": {"cor": NaN, "r2": 0, "mann-w": 1.7944120719949953e-286, "uplift": -0.25658315556392436, "mds": 0.7434168444360756, "mean_pred": 0.7266140581793773, "mean_true": 0.9773978940853241}, "validation": {"cor": NaN, "r2": 0, "mann-w": 3.907715038494399e-99, "uplift": -0.25725540481249065, "mds": 0.7427445951875093, "mean_pred": 0.7266140581793773, "mean_true": 0.9782825252278546}, "train.accumulative": {"cor": -0.14292835009624394, "r2": 0, "mann-w": 4.7833372520582395e-251, "uplift": -0.3723848715619947, "mds": 0.6276151284380054, "mean_pred": 0.6134297048313966, "mean_true": 0.9773978940853241}, "validation.accumulative": {"cor": -0.2023205894172212, "r2": 0, "mann-w": 5.195705849806333e-87, "uplift": -0.36809527993800706, "mds": 0.6319047200619929, "mean_pred": 0.618181345245647, "mean_true": 0.9782825252278546}}