{"train": {"cor": 0.9137214287760154, "r2": 0, "mann-w": 0.11701521145593968, "uplift": 0.15206507568483207, "mds": 0.8479349243151679, "mean_pred": 0.6400511888709217, "mean_true": 0.5555686066522332}, "validation": {"cor": 0.8253840334952574, "r2": 0, "mann-w": 0.1416559176428519, "uplift": -0.1251522811100202, "mds": 0.8748477188899798, "mean_pred": 0.6832934965488111, "mean_true": 0.7810427824122173}}