{"train": {"cor": NaN, "r2": 0, "mann-w": 1.3726993807151266e-77, "uplift": -0.26657908582533296, "mds": 0.733420914174667, "mean_pred": 0.7302259070446464, "mean_true": 0.9956436923623646}, "validation": {"cor": NaN, "r2": 0, "mann-w": 1.3568290512599624e-26, "uplift": -0.2663667427978953, "mds": 0.7336332572021047, "mean_pred": 0.7302259070446464, "mean_true": 0.9953555129569056}}