{"train": {"cor": 0.7801609671769131, "r2": 0, "mann-w": 4.429599884606322e-119, "uplift": 5.353413480162004, "mds": 0, "mean_pred": 0.5192290386132257, "mean_true": 0.08172442109024927}, "validation": {"cor": 0.7328047650509739, "r2": 0, "mann-w": 1.7490157436382298e-42, "uplift": 4.675806329303905, "mds": 0, "mean_pred": 0.5195279440252459, "mean_true": 0.09153376875157793}, "train.accumulative": {"cor": 0.7609182891541746, "r2": 0, "mann-w": 4.871203631658875e-119, "uplift": 5.340551788033075, "mds": 0, "mean_pred": 0.518177924269748, "mean_true": 0.08172442109024927}, "validation.accumulative": {"cor": 0.6901341511591316, "r2": 0, "mann-w": 1.7490157436382298e-42, "uplift": 4.659511117616212, "mds": 0, "mean_pred": 0.5180363818868667, "mean_true": 0.09153376875157793}}