{"train": {"cor": 0.6443999559229027, "r2": 0, "mann-w": 5.624101784435114e-176, "uplift": 1.3089457789200596, "mds": 0, "mean_pred": 0.5569239529522789, "mean_true": 0.24120269866742539}, "validation": {"cor": 0.5463544731914539, "r2": 0, "mann-w": 2.642032277615554e-59, "uplift": 1.681470925643215, "mds": 0, "mean_pred": 0.5539739077015644, "mean_true": 0.20659329266032617}, "train.accumulative": {"cor": 0.6416259148925408, "r2": 0, "mann-w": 3.027825823116281e-174, "uplift": 1.2972989615666761, "mds": 0, "mean_pred": 0.5541147091757562, "mean_true": 0.24120269866742539}, "validation.accumulative": {"cor": 0.5312393754153063, "r2": 0, "mann-w": 9.046778139521714e-59, "uplift": 1.671785646606738, "mds": 0, "mean_pred": 0.5519729940150846, "mean_true": 0.20659329266032617}}