	Estimate	p-value
RBM24	-0.9323408983078514	0.0
CPEB1	-0.2957479545354245	0.0
(Intercept)	-1.011801397469188	0.0
