{"train": {"cor": 0.5329400712646616, "r2": 0, "mann-w": 5.926419226410526e-35, "uplift": 12.615935403136305, "mds": 0, "mean_pred": 0.5103558043247397, "mean_true": 0.03748224335782204}, "validation": {"cor": 0.4884535265465567, "r2": 0, "mann-w": 1.4974190297057414e-12, "uplift": 14.95062528652783, "mds": 0, "mean_pred": 0.5063677229769298, "mean_true": 0.03174594812935745}, "train.accumulative": {"cor": 0.5325943176369685, "r2": 0, "mann-w": 5.926419226410526e-35, "uplift": 12.614109524640465, "mds": 0, "mean_pred": 0.5102873663026168, "mean_true": 0.03748224335782204}, "validation.accumulative": {"cor": 0.48804704662368764, "r2": 0, "mann-w": 1.4974190297057414e-12, "uplift": 14.937760309890082, "mds": 0, "mean_pred": 0.5059593120959025, "mean_true": 0.03174594812935745}}