{"train": {"cor": 0.5463736525147223, "r2": 0, "mann-w": 3.2836033347955767e-15, "uplift": -0.2636324181095793, "mds": 0.7363675818904207, "mean_pred": 0.7301188062663928, "mean_true": 0.9915140538805554}, "validation": {"cor": 0.7618336917942874, "r2": 0, "mann-w": 3.7339217844353662e-06, "uplift": -0.25991618757374124, "mds": 0.7400838124262588, "mean_pred": 0.7287445436052415, "mean_true": 0.984678399080446}}