{"train": {"cor": 0.6601542763622859, "r2": 0, "mann-w": 1.3184682935815094e-70, "uplift": -0.1830185645078221, "mds": 0.8169814354921778, "mean_pred": 0.7034513715047878, "mean_true": 0.861037155735374}, "validation": {"cor": 0.43135961554061747, "r2": 0, "mann-w": 2.137247381735919e-22, "uplift": -0.17606417799506616, "mds": 0.8239358220049339, "mean_pred": 0.7012649054430715, "mean_true": 0.8511159324723137}}