{"train": {"cor": 0.8102168145946422, "r2": 0, "mann-w": 8.687911552926802e-09, "uplift": 0.18227829363680623, "mds": 0.8177217063631937, "mean_pred": 0.6299428337852091, "mean_true": 0.5328211108802835}, "validation": {"cor": 0.662209928945027, "r2": 0, "mann-w": 3.585325551469847e-06, "uplift": 0.2028735066588102, "mds": 0.7971264933411898, "mean_pred": 0.6257234725523249, "mean_true": 0.5201905845365073}, "train.accumulative": {"cor": 0.8093603065575933, "r2": 0, "mann-w": 2.7896317824786454e-06, "uplift": 0.1534432463345909, "mds": 0.8465567536654091, "mean_pred": 0.6145789118493572, "mean_true": 0.5328211108802835}, "validation.accumulative": {"cor": 0.6427690522208058, "r2": 0, "mann-w": 0.0002028238168377218, "uplift": 0.1696174917751379, "mds": 0.8303825082248621, "mean_pred": 0.6084240067306326, "mean_true": 0.5201905845365073}}