{"train": {"cor": NaN, "r2": 0, "mann-w": 8.243653005456549e-162, "uplift": 8474.249999999927, "mds": 0, "mean_pred": 0.5000147492625326, "mean_true": 5.899705014749263e-05}, "validation": {"cor": NaN, "r2": 0, "mann-w": 2.0067233855759576e-55, "uplift": 8474.249999999927, "mds": 0, "mean_pred": 0.5000147492625326, "mean_true": 5.899705014749263e-05}, "train.accumulative": {"cor": 0.04865397237226828, "r2": 0, "mann-w": 1.7381275010717284e-139, "uplift": 8474.24995958049, "mds": 0, "mean_pred": 0.500014746877905, "mean_true": 5.899705014749263e-05}, "validation.accumulative": {"cor": 0.0373498671423189, "r2": 0, "mann-w": 5.669436172594696e-48, "uplift": 8474.249944525613, "mds": 0, "mean_pred": 0.5000147459897117, "mean_true": 5.899705014749263e-05}}