{"train": {"cor": 0.9669641546484543, "r2": 0, "mann-w": 1.2992664733492976e-07, "uplift": 8474.260294977554, "mds": 0, "mean_pred": 0.5000153566354557, "mean_true": 5.899705014744683e-05}, "validation": {"cor": 0.9844866434131662, "r2": 0, "mann-w": 0.00010954966620901557, "uplift": 8479.16557038652, "mds": 0, "mean_pred": 0.5003047534147456, "mean_true": 5.899705014744683e-05}, "train.accumulative": {"cor": 0.9669641546484543, "r2": 0, "mann-w": 1.2992664733492976e-07, "uplift": 8474.260294977554, "mds": 0, "mean_pred": 0.5000153566354557, "mean_true": 5.899705014744683e-05}, "validation.accumulative": {"cor": 0.9844866434131662, "r2": 0, "mann-w": 0.00010954966620901557, "uplift": 8479.16557038652, "mds": 0, "mean_pred": 0.5003047534147456, "mean_true": 5.899705014744683e-05}}