{"train": {"cor": 0.5795520921876108, "r2": 0, "mann-w": 3.536112411576146e-56, "uplift": -0.26896623952427695, "mds": 0.7310337604757231, "mean_pred": 0.7309906316402968, "mean_true": 0.9999410029498526}, "validation": {"cor": 0.4248297272315817, "r2": 0, "mann-w": 5.508776192440706e-16, "uplift": -0.26896840075539086, "mds": 0.7310315992446091, "mean_pred": 0.7309884705366891, "mean_true": 0.9999410029498526}}