{"train": {"cor": 0.5488066451844411, "r2": 0, "mann-w": 7.112779009469318e-39, "uplift": -0.25287025110417205, "mds": 0.747129748895828, "mean_pred": 0.7258764871323087, "mean_true": 0.9715534526701297}, "validation": {"cor": 0.05776324154105189, "r2": 0, "mann-w": 4.895184162742745e-15, "uplift": -0.2571262854292495, "mds": 0.7428737145707505, "mean_pred": 0.7306545898151517, "mean_true": 0.9835515451469982}, "train.accumulative": {"cor": 0.17942159719591588, "r2": 0, "mann-w": 8.090023461233308e-39, "uplift": -0.3530056548180271, "mds": 0.6469943451819729, "mean_pred": 0.6285895899195955, "mean_true": 0.9715534526701297}, "validation.accumulative": {"cor": 0.06457905095613975, "r2": 0, "mann-w": 1.5210384262065253e-15, "uplift": -0.37535632232130595, "mds": 0.6246436776786941, "mean_pred": 0.614369254347183, "mean_true": 0.9835515451469982}}