{"train": {"cor": 0.697091592828888, "r2": 0, "mann-w": 4.3856156803548146e-23, "uplift": 0.7039675976194799, "mds": 0.2960324023805201, "mean_pred": 0.5798649818500807, "mean_true": 0.34030282187300886}, "validation": {"cor": 0.3609499624798757, "r2": 0, "mann-w": 4.2029767397772794e-11, "uplift": 0.8468676635788562, "mds": 0.15313233642114377, "mean_pred": 0.5790465226020612, "mean_true": 0.3135289734186943}, "train.accumulative": {"cor": 0.5124951125814199, "r2": 0, "mann-w": 3.290667100722536e-17, "uplift": 0.5543384876141457, "mds": 0.4456615123858543, "mean_pred": 0.5289457734809186, "mean_true": 0.34030282187300886}, "validation.accumulative": {"cor": 0.38629004407229134, "r2": 0, "mann-w": 4.687009758024209e-09, "uplift": 0.682455633828286, "mds": 0.317544366171714, "mean_pred": 0.5274985876966811, "mean_true": 0.3135289734186943}}