{"train": {"cor": 0.4080890367696354, "r2": 0, "mann-w": 7.867358435620783e-115, "uplift": 8474.411585443477, "mds": 0, "mean_pred": 0.5000242823266606, "mean_true": 5.899705014744683e-05}, "validation": {"cor": 0.371492802544105, "r2": 0, "mann-w": 4.972064917963702e-41, "uplift": 8474.361962540053, "mds": 0, "mean_pred": 0.5000213547217389, "mean_true": 5.899705014744683e-05}, "train.accumulative": {"cor": 0.4080890367696354, "r2": 0, "mann-w": 7.867358435620783e-115, "uplift": 8474.411585443477, "mds": 0, "mean_pred": 0.5000242823266606, "mean_true": 5.899705014744683e-05}, "validation.accumulative": {"cor": 0.371492802544105, "r2": 0, "mann-w": 4.972064917963702e-41, "uplift": 8474.361962540053, "mds": 0, "mean_pred": 0.5000213547217389, "mean_true": 5.899705014744683e-05}}