{"train": {"cor": NaN, "r2": 0, "mann-w": 8.934144357064084e-26, "uplift": -0.2573646188484601, "mds": 0.7426353811515398, "mean_pred": 0.7268622128060224, "mean_true": 0.9787605482503952}, "validation": {"cor": NaN, "r2": 0, "mann-w": 1.64180060595867e-09, "uplift": -0.2615836871273352, "mds": 0.7384163128726648, "mean_pred": 0.7268622128060224, "mean_true": 0.9843528645491411}, "train.accumulative": {"cor": -0.24630760936168838, "r2": 0, "mann-w": 8.559438707703746e-23, "uplift": -0.2661270282715235, "mds": 0.7338729717284764, "mean_pred": 0.7182859121551104, "mean_true": 0.9787605482503952}, "validation.accumulative": {"cor": -0.19013290589370313, "r2": 0, "mann-w": 1.5547223025562037e-08, "uplift": -0.28430714653470407, "mds": 0.715692853465296, "mean_pred": 0.7044943104459127, "mean_true": 0.9843528645491411}}