{"train": {"cor": NaN, "r2": 0, "mann-w": 3.6274118991075103e-73, "uplift": 299.2099737558601, "mds": 0, "mean_pred": 0.5004155278940632, "mean_true": 0.0016668850859066272}, "validation": {"cor": NaN, "r2": 0, "mann-w": 2.0211232629621916e-24, "uplift": 165.03587559582576, "mds": 0, "mean_pred": 0.5004155278940632, "mean_true": 0.0030139000146703473}, "train.accumulative": {"cor": 0.11935994901866673, "r2": 0, "mann-w": 2.9049575485221755e-64, "uplift": 299.2092322399488, "mds": 0, "mean_pred": 0.5004142918722496, "mean_true": 0.0016668850859066272}, "validation.accumulative": {"cor": 0.12388358549973881, "r2": 0, "mann-w": 1.3541055373142538e-21, "uplift": 165.03543292380348, "mds": 0, "mean_pred": 0.5004141937248487, "mean_true": 0.0030139000146703473}}