	Estimate	p-value
AKAP1	0.11335426376221318	0.0
SRP19	-0.7115078220151707	0.0
RBMS3	0.16022284367549555	0.0
RAVER1	0.6985370684059117	0.0
NELFE	-0.28712278776764677	0.0
SNRPA	-1.8207488410321693	0.0
ZFP36	0.13397854514877874	0.0
PABPN1	-0.4358505068628113	0.0
RBFOX2	0.40770204272155386	0.0
(Intercept)	16.292633731504566	0.0
