	Estimate	p-value
RAVER1	0.7632393132086134	0.0
SNRPA	-1.4099495140160547	0.0
ZFP36	0.18843019024347166	0.0
RBM24	0.0947012847105495	0.0
PABPN1	-1.323063354782081	0.0
(Intercept)	16.971652980745745	0.0
