{"train": {"cor": 0.4358060333962601, "r2": 0, "mann-w": 1.2562428862954972e-49, "uplift": -0.26896977267403477, "mds": 0.7310302273259652, "mean_pred": 0.7309870986989844, "mean_true": 0.9999410029498526}, "validation": {"cor": 0.3082306995480326, "r2": 0, "mann-w": 2.7213179717276812e-18, "uplift": -0.26901634703315214, "mds": 0.7309836529668479, "mean_pred": 0.7309405270876168, "mean_true": 0.9999410029498526}}