{"train": {"cor": NaN, "r2": 0, "mann-w": 1.88434589788679e-26, "uplift": 8474.249999999927, "mds": 0, "mean_pred": 0.5000147492625326, "mean_true": 5.899705014749263e-05}, "validation": {"cor": NaN, "r2": 0, "mann-w": 1.4356221745034018e-09, "uplift": 1525.6485003491837, "mds": 0, "mean_pred": 0.5000147492625326, "mean_true": 0.0003275244754428845}, "train.accumulative": {"cor": 0.2074614171895423, "r2": 0, "mann-w": 1.059285401135646e-24, "uplift": 8474.249985250664, "mds": 0, "mean_pred": 0.5000147483923696, "mean_true": 5.899705014749263e-05}, "validation.accumulative": {"cor": 0.09248318183183434, "r2": 0, "mann-w": 1.4024804615790589e-08, "uplift": 1525.6483346460454, "mds": 0, "mean_pred": 0.5000146949906992, "mean_true": 0.0003275244754428845}}