{"train": {"cor": 0.9137214287760153, "r2": 0, "mann-w": 0.002116602151505345, "uplift": 0.36025251257724106, "mds": 0.6397474874227589, "mean_pred": 0.6045389194695039, "mean_true": 0.44443139334776677}, "validation": {"cor": 0.8253840334952571, "r2": 0, "mann-w": 3.461660991823387e-05, "uplift": 1.5461842035870417, "mds": 0, "mean_pred": 0.557505408683383, "mean_true": 0.2189572175877827}, "train.accumulative": {"cor": 0.8612693143050771, "r2": 0, "mann-w": 0.014891892190624804, "uplift": 0.3202296565170838, "mds": 0.6797703434829162, "mean_pred": 0.5867515057849311, "mean_true": 0.44443139334776677}, "validation.accumulative": {"cor": 0.7580110508804954, "r2": 0, "mann-w": 4.771525211963185e-05, "uplift": 1.5184446014470567, "mds": 0, "mean_pred": 0.5514316225818199, "mean_true": 0.2189572175877827}}