{"train": {"cor": 0.780160967176904, "r2": 0, "mann-w": 4.453193088420173e-99, "uplift": -0.22064537802632017, "mds": 0.7793546219736798, "mean_pred": 0.7156623166688708, "mean_true": 0.9182755789097508}, "validation": {"cor": 0.732804765050974, "r2": 0, "mann-w": 1.6921071817760692e-28, "uplift": -0.21249849524798778, "mds": 0.7875015047520122, "mean_pred": 0.7154185241245219, "mean_true": 0.9084662312484221}}