{"train": {"cor": 0.40663587379080535, "r2": 0, "mann-w": 2.4858586616330846e-46, "uplift": -0.24036692167590257, "mds": 0.7596330783240974, "mean_pred": 0.7286551611265225, "mean_true": 0.9592198943390954}, "validation": {"cor": 0.2648432865537659, "r2": 0, "mann-w": 1.5962075714767058e-15, "uplift": -0.23694721474770597, "mds": 0.763052785252294, "mean_pred": 0.7298037042973593, "mean_true": 0.9564262373487814}}