{"train": {"cor": 0.6430309316166546, "r2": 0, "mann-w": 2.3899230262381608e-33, "uplift": 8475.704977608835, "mds": 0, "mean_pred": 0.5001005886491006, "mean_true": 5.899705014744683e-05}, "validation": {"cor": 0.45901382956419196, "r2": 0, "mann-w": 2.59757672790033e-16, "uplift": 8478.29768420543, "mds": 0, "mean_pred": 0.5002535506901975, "mean_true": 5.899705014744683e-05}, "train.accumulative": {"cor": 0.6430309316166546, "r2": 0, "mann-w": 2.3899230262381608e-33, "uplift": 8475.704977608835, "mds": 0, "mean_pred": 0.5001005886491006, "mean_true": 5.899705014744683e-05}, "validation.accumulative": {"cor": 0.45901382956419196, "r2": 0, "mann-w": 2.59757672790033e-16, "uplift": 8478.29768420543, "mds": 0, "mean_pred": 0.5002535506901975, "mean_true": 5.899705014744683e-05}}