{"train": {"cor": 0.685895107469168, "r2": 0, "mann-w": 8.436753742903734e-24, "uplift": 8474.354824027601, "mds": 0, "mean_pred": 0.5000209335705618, "mean_true": 5.899705014744683e-05}, "validation": {"cor": -0.08712191762833088, "r2": 0, "mann-w": 5.417644583455845e-10, "uplift": 8474.233106966016, "mds": 0, "mean_pred": 0.5000137526229756, "mean_true": 5.899705014744683e-05}, "train.accumulative": {"cor": 0.685895107469168, "r2": 0, "mann-w": 8.436753742903734e-24, "uplift": 8474.354824027601, "mds": 0, "mean_pred": 0.5000209335705618, "mean_true": 5.899705014744683e-05}, "validation.accumulative": {"cor": -0.08712191762833088, "r2": 0, "mann-w": 5.417644583455845e-10, "uplift": 8474.233106966016, "mds": 0, "mean_pred": 0.5000137526229756, "mean_true": 5.899705014744683e-05}}