{"train": {"cor": NaN, "r2": 0, "mann-w": 7.668614327282042e-15, "uplift": 40.279525609857565, "mds": 0, "mean_pred": 0.5030465485961984, "mean_true": 0.012186345195693591}, "validation": {"cor": NaN, "r2": 0, "mann-w": 1.1302474023356288e-05, "uplift": 60.075461735320275, "mds": 0, "mean_pred": 0.5030465485961984, "mean_true": 0.008236475571420588}, "train.accumulative": {"cor": 0.1988687559727632, "r2": 0, "mann-w": 2.7634351404658634e-13, "uplift": 40.27808677461189, "mds": 0, "mean_pred": 0.5030290144532148, "mean_true": 0.012186345195693591}, "validation.accumulative": {"cor": -0.02660274672497734, "r2": 0, "mann-w": 3.710974222553959e-05, "uplift": 60.073073437462135, "mds": 0, "mean_pred": 0.5030268774392325, "mean_true": 0.008236475571420588}}