{"train": {"cor": 0.33326119765987255, "r2": 0, "mann-w": 2.78054691755571e-114, "uplift": 21.571649087688087, "mds": 0, "mean_pred": 0.5031771978315063, "mean_true": 0.022292442872770376}, "validation": {"cor": 0.21366981507213367, "r2": 0, "mann-w": 1.3881978363122274e-35, "uplift": 23.627853372691746, "mds": 0, "mean_pred": 0.503931478911311, "mean_true": 0.02046185151768397}, "train.accumulative": {"cor": 0.22733975574139947, "r2": 0, "mann-w": 3.1810475552794902e-114, "uplift": 21.451499293578127, "mds": 0, "mean_pred": 0.5004987654101348, "mean_true": 0.022292442872770376}, "validation.accumulative": {"cor": 0.1132081543188419, "r2": 0, "mann-w": 1.3881978363122274e-35, "uplift": 23.472352859515755, "mds": 0, "mean_pred": 0.5007496504997802, "mean_true": 0.02046185151768397}}