{"train": {"cor": 0.9033302288708138, "r2": 0, "mann-w": 9.02174638761466e-16, "uplift": 8474.250000006507, "mds": 0, "mean_pred": 0.5000147492625326, "mean_true": 5.899705014744683e-05}, "validation": {"cor": 0.405079536059358, "r2": 0, "mann-w": 4.665401891383583e-07, "uplift": 8476.927095325791, "mds": 0, "mean_pred": 0.500172689989334, "mean_true": 5.899705014744683e-05}, "train.accumulative": {"cor": 0.9033302288708138, "r2": 0, "mann-w": 9.02174638761466e-16, "uplift": 8474.250000006507, "mds": 0, "mean_pred": 0.5000147492625326, "mean_true": 5.899705014744683e-05}, "validation.accumulative": {"cor": 0.405079536059358, "r2": 0, "mann-w": 4.665401891383583e-07, "uplift": 8476.927095325791, "mds": 0, "mean_pred": 0.500172689989334, "mean_true": 5.899705014744683e-05}}