{"train": {"cor": 0.9731490474389239, "r2": 0, "mann-w": 0.12304579903676133, "uplift": -0.026378876063220685, "mds": 0.9736211239367794, "mean_pred": 0.6642369354376751, "mean_true": 0.6822334880655346}, "validation": {"cor": 0.21109562666081946, "r2": 0, "mann-w": 0.2593025082143628, "uplift": -0.01030777065459222, "mds": 0.9896922293454078, "mean_pred": 0.6675823379226739, "mean_true": 0.6745352930215683}, "train.accumulative": {"cor": 0.9516730199955541, "r2": 0, "mann-w": 0.0356125837252451, "uplift": -0.05293811164227854, "mds": 0.9470618883577214, "mean_pred": 0.6461173355082203, "mean_true": 0.6822334880655346}, "validation.accumulative": {"cor": 0.2155201146732677, "r2": 0, "mann-w": 0.20234391416847047, "uplift": -0.03016439005426723, "mds": 0.9698356099457328, "mean_pred": 0.6541883473374963, "mean_true": 0.6745352930215683}}