{"train": {"cor": 0.4302803074073875, "r2": 0, "mann-w": 9.98200191571678e-83, "uplift": -0.25720495996860726, "mds": 0.7427950400313927, "mean_pred": 0.7287062080513734, "mean_true": 0.9810326789750455}, "validation": {"cor": 0.371666748837741, "r2": 0, "mann-w": 2.1445470600250323e-24, "uplift": -0.25791667519967976, "mds": 0.7420833248003202, "mean_pred": 0.7284585384469684, "mean_true": 0.9816398160448923}}