{"train": {"cor": 0.6463281735566991, "r2": 0, "mann-w": 1.0848753633206891e-07, "uplift": -0.14180090812204083, "mds": 0.8581990918779592, "mean_pred": 0.6939273385617971, "mean_true": 0.8085854962201213}, "validation": {"cor": 0.1258456585401304, "r2": 0, "mann-w": 0.014148912079389366, "uplift": -0.05316666130738074, "mds": 0.9468333386926192, "mean_pred": 0.7052213032327981, "mean_true": 0.7448209462148456}}