{"train": {"cor": NaN, "r2": 0, "mann-w": 1.0766523506555196e-95, "uplift": 18.724068722010255, "mds": 0, "mean_pred": 0.5064141173051009, "mean_true": 0.025674931701084022}, "validation": {"cor": NaN, "r2": 0, "mann-w": 2.7631314678956526e-33, "uplift": 21.49694811787725, "mds": 0, "mean_pred": 0.5064141173051009, "mean_true": 0.022510347388083177}, "train.accumulative": {"cor": 0.022819661598595994, "r2": 0, "mann-w": 5.220944847374265e-84, "uplift": 18.6090966087597, "mds": 0, "mean_pred": 0.5034622161498636, "mean_true": 0.025674931701084022}, "validation.accumulative": {"cor": -0.11068658678099043, "r2": 0, "mann-w": 2.2636711179035798e-29, "uplift": 21.363390523068727, "mds": 0, "mean_pred": 0.5034076894496442, "mean_true": 0.022510347388083177}}