{"train": {"cor": NaN, "r2": 0, "mann-w": 1.5625421283327497e-27, "uplift": 25.48357800289497, "mds": 0, "mean_pred": 0.5047647400611852, "mean_true": 0.019059537197202298}, "validation": {"cor": NaN, "r2": 0, "mann-w": 4.3840453266690285e-10, "uplift": 8554.76234403709, "mds": 0, "mean_pred": 0.5047647400611852, "mean_true": 5.899705014749263e-05}, "train.accumulative": {"cor": 0.3833661072434588, "r2": 0, "mann-w": 2.6372692499662205e-24, "uplift": 25.300401470715652, "mds": 0, "mean_pred": 0.501273480132459, "mean_true": 0.019059537197202298}, "validation.accumulative": {"cor": -0.029304445361500942, "r2": 0, "mann-w": 5.1218595271517885e-09, "uplift": 8497.77795832169, "mds": 0, "mean_pred": 0.5014028293995098, "mean_true": 5.899705014749263e-05}}