{"train": {"cor": 0.7511059506264888, "r2": 0, "mann-w": 4.1608342231500705e-12, "uplift": 1059.7556318652114, "mds": 0, "mean_pred": 0.5001178683016178, "mean_true": 0.00047147321520435437}, "validation": {"cor": -0.0910190581603341, "r2": 0, "mann-w": 0.0006382187369708952, "uplift": 1.677928336533813, "mds": 0, "mean_pred": 0.5002941680760826, "mean_true": 0.18682134292049069}, "train.accumulative": {"cor": 0.7511059506264888, "r2": 0, "mann-w": 4.1608342231500705e-12, "uplift": 1059.7556318652114, "mds": 0, "mean_pred": 0.5001178683016178, "mean_true": 0.00047147321520435437}, "validation.accumulative": {"cor": -0.0910190581603341, "r2": 0, "mann-w": 0.0006382187369708952, "uplift": 1.677928336533813, "mds": 0, "mean_pred": 0.5002941680760826, "mean_true": 0.18682134292049069}}