{"train": {"cor": NaN, "r2": 0, "mann-w": 7.636824713057956e-50, "uplift": 22.72404505066431, "mds": 0, "mean_pred": 0.5052941568284455, "mean_true": 0.021298819646875376}, "validation": {"cor": NaN, "r2": 0, "mann-w": 2.992005740255383e-18, "uplift": 19.554890222314956, "mds": 0, "mean_pred": 0.5052941568284455, "mean_true": 0.024582673580999435}, "train.accumulative": {"cor": 0.20734273251145285, "r2": 0, "mann-w": 7.28662512712238e-44, "uplift": 22.58259548082087, "mds": 0, "mean_pred": 0.502281447951222, "mean_true": 0.021298819646875376}, "validation.accumulative": {"cor": 0.09003923410007837, "r2": 0, "mann-w": 3.364426651940424e-16, "uplift": 19.42586382970518, "mds": 0, "mean_pred": 0.5021223431355855, "mean_true": 0.024582673580999435}}