{"train": {"cor": NaN, "r2": 0, "mann-w": 2.0999221091595516e-28, "uplift": -0.25658665587959034, "mds": 0.7434133441204096, "mean_pred": 0.726584653137097, "mean_true": 0.9773629420074185}, "validation": {"cor": NaN, "r2": 0, "mann-w": 2.828778722306536e-10, "uplift": -0.2554272795100483, "mds": 0.7445727204899517, "mean_pred": 0.726584653137097, "mean_true": 0.9758410873003539}, "train.accumulative": {"cor": -0.04071045340798466, "r2": 0, "mann-w": 4.260695504803097e-25, "uplift": -0.2594818045376206, "mds": 0.7405181954623794, "mean_pred": 0.7237550421271357, "mean_true": 0.9773629420074185}, "validation.accumulative": {"cor": 0.2839588211870035, "r2": 0, "mann-w": 3.3184428214986893e-09, "uplift": -0.2583111771536392, "mds": 0.7416888228463607, "mean_pred": 0.7237704273249123, "mean_true": 0.9758410873003539}}