{"train": {"cor": NaN, "r2": 0, "mann-w": 2.089229210300619e-28, "uplift": -0.266183103763826, "mds": 0.733816896236174, "mean_pred": 0.7300474241415815, "mean_true": 0.9948631980076685}, "validation": {"cor": NaN, "r2": 0, "mann-w": 2.828778722306536e-10, "uplift": -0.26646763154662323, "mds": 0.7335323684533768, "mean_pred": 0.7300474241415815, "mean_true": 0.9952490926622051}}