{"train": {"cor": 0.654098782787557, "r2": 0, "mann-w": 1.2709821625076086e-71, "uplift": -0.11070326485168663, "mds": 0.8892967351483134, "mean_pred": 0.6896026904452441, "mean_true": 0.7754472305919744}, "validation": {"cor": 0.6417182473611817, "r2": 0, "mann-w": 1.529409319866203e-29, "uplift": -0.11760300231811166, "mds": 0.8823969976818884, "mean_pred": 0.6910389106322934, "mean_true": 0.7831383294001402}}