{"train": {"cor": 0.8768788101771746, "r2": 0, "mann-w": 1.811039987232724e-08, "uplift": 0.28962009298839786, "mds": 0.7103799070116021, "mean_pred": 0.613978817216345, "mean_true": 0.4760927815521161}, "validation": {"cor": 0.7686064509271024, "r2": 0, "mann-w": 0.02013928664117662, "uplift": 0.12051909405853212, "mds": 0.8794809059414679, "mean_pred": 0.6091208450259616, "mean_true": 0.543605948578457}, "train.accumulative": {"cor": 0.8339117370771548, "r2": 0, "mann-w": 7.001368119687934e-06, "uplift": 0.24345354164749247, "mds": 0.7565464583525076, "mean_pred": 0.5919992553737847, "mean_true": 0.4760927815521161}, "validation.accumulative": {"cor": 0.7181247978803121, "r2": 0, "mann-w": 0.07488941677051406, "uplift": 0.08715798492680174, "mds": 0.9128420150731983, "mean_pred": 0.5909855476507779, "mean_true": 0.543605948578457}}