{"train": {"cor": 0.4923732802594505, "r2": 0, "mann-w": 1.167941353519901e-118, "uplift": -0.25629930176280374, "mds": 0.7437006982371963, "mean_pred": 0.7275424910016938, "mean_true": 0.9782732391218638}, "validation": {"cor": 0.2124643186452026, "r2": 0, "mann-w": 7.596736182855138e-40, "uplift": -0.2534671182844109, "mds": 0.7465328817155892, "mean_pred": 0.7281899259121039, "mean_true": 0.9754291388192684}}