{"train": {"cor": 0.3138366208143197, "r2": 0, "mann-w": 1.9429659353208033e-95, "uplift": 30.707895268900693, "mds": 0, "mean_pred": 0.5007523415535755, "mean_true": 0.015792670478658878}, "validation": {"cor": 0.1706703625686542, "r2": 0, "mann-w": 4.331474338722671e-34, "uplift": 30.67941329903633, "mds": 0, "mean_pred": 0.5007924498015772, "mean_true": 0.01580813524146961}, "train.accumulative": {"cor": 0.26718638614122453, "r2": 0, "mann-w": 1.9429659353208033e-95, "uplift": 30.676893929484955, "mds": 0, "mean_pred": 0.5002627476157857, "mean_true": 0.015792670478658878}, "validation.accumulative": {"cor": 0.17200224836755115, "r2": 0, "mann-w": 4.331474338722671e-34, "uplift": 30.65084513842572, "mds": 0, "mean_pred": 0.5003408404550447, "mean_true": 0.01580813524146961}}