{"train": {"cor": NaN, "r2": 0, "mann-w": 5.1380343926073445e-18, "uplift": 8474.249999999927, "mds": 0, "mean_pred": 0.5000147492625326, "mean_true": 5.899705014749263e-05}, "validation": {"cor": NaN, "r2": 0, "mann-w": 2.618220209293012e-07, "uplift": 8474.249999999927, "mds": 0, "mean_pred": 0.5000147492625326, "mean_true": 5.899705014749263e-05}, "train.accumulative": {"cor": 0.21186639622536826, "r2": 0, "mann-w": 6.346885364663747e-17, "uplift": 8474.249985250664, "mds": 0, "mean_pred": 0.5000147483923696, "mean_true": 5.899705014749263e-05}, "validation.accumulative": {"cor": 0.1105121394837377, "r2": 0, "mann-w": 1.5338580280621411e-06, "uplift": 8474.249960990923, "mds": 0, "mean_pred": 0.5000147469611165, "mean_true": 5.899705014749263e-05}}