{"train": {"cor": 0.4486347964096533, "r2": 0, "mann-w": 3.075645586750367e-95, "uplift": 7.431930269649737, "mds": 0, "mean_pred": 0.5100031922303454, "mean_true": 0.06048474974539027}, "validation": {"cor": 0.38126702112365457, "r2": 0, "mann-w": 3.0206817720502574e-33, "uplift": 5.355343560067275, "mds": 0, "mean_pred": 0.5104118208559628, "mean_true": 0.08031223112201975}, "train.accumulative": {"cor": 0.42868184862938624, "r2": 0, "mann-w": 3.4618528009991976e-95, "uplift": 7.420341586228756, "mds": 0, "mean_pred": 0.5093022536137488, "mean_true": 0.06048474974539027}, "validation.accumulative": {"cor": 0.4031680226415943, "r2": 0, "mann-w": 3.303687627144756e-33, "uplift": 5.348064505207425, "mds": 0, "mean_pred": 0.5098272237197087, "mean_true": 0.08031223112201975}}