{"train": {"cor": 0.7905375279333172, "r2": 0, "mann-w": 7.064881035913922e-117, "uplift": 2.3561818863795154, "mds": 0, "mean_pred": 0.5396960910652999, "mean_true": 0.16080656809917343}, "validation": {"cor": 0.6002012853175812, "r2": 0, "mann-w": 5.893088799931656e-41, "uplift": 2.549980216956297, "mds": 0, "mean_pred": 0.536744603044672, "mean_true": 0.15119650540049184}, "train.accumulative": {"cor": 0.7902610114875974, "r2": 0, "mann-w": 7.064881035913922e-117, "uplift": 2.356167945299643, "mds": 0, "mean_pred": 0.53969384924809, "mean_true": 0.16080656809917343}, "validation.accumulative": {"cor": 0.600820638868106, "r2": 0, "mann-w": 5.893088799931656e-41, "uplift": 2.549900513264337, "mds": 0, "mean_pred": 0.5367325521249801, "mean_true": 0.15119650540049184}}