{"train": {"cor": NaN, "r2": 0, "mann-w": 2.5506957975108498e-15, "uplift": -0.26890988889225365, "mds": 0.7310901111077464, "mean_pred": 0.731046978947799, "mean_true": 0.9999410029498526}, "validation": {"cor": NaN, "r2": 0, "mann-w": 1.1302474023356288e-05, "uplift": -0.26876812878908435, "mds": 0.7312318712109156, "mean_pred": 0.731046978947799, "mean_true": 0.9997471496109566}}