{"train": {"cor": NaN, "r2": 0, "mann-w": 3.0223831687909304e-111, "uplift": 8474.249999999927, "mds": 0, "mean_pred": 0.5000147492625326, "mean_true": 5.899705014749263e-05}, "validation": {"cor": NaN, "r2": 0, "mann-w": 1.5597176110088552e-38, "uplift": 8474.249999999927, "mds": 0, "mean_pred": 0.5000147492625326, "mean_true": 5.899705014749263e-05}, "train.accumulative": {"cor": 0.02586450451197292, "r2": 0, "mann-w": 1.562427690147679e-96, "uplift": 8474.249741000267, "mds": 0, "mean_pred": 0.5000147339823167, "mean_true": 5.899705014749263e-05}, "validation.accumulative": {"cor": 0.04713325350944282, "r2": 0, "mann-w": 1.4460228105471216e-33, "uplift": 8474.24979907875, "mds": 0, "mean_pred": 0.5000147374087759, "mean_true": 5.899705014749263e-05}}