{"train": {"cor": 0.8281549983132929, "r2": 0, "mann-w": 4.970796992237176e-18, "uplift": 8474.250000006507, "mds": 0, "mean_pred": 0.5000147492625326, "mean_true": 5.899705014744683e-05}, "validation": {"cor": -0.16514099729091236, "r2": 0, "mann-w": 5.4931928603884725e-05, "uplift": 8539.495456643142, "mds": 0, "mean_pred": 0.5038640387396173, "mean_true": 5.899705014744683e-05}, "train.accumulative": {"cor": 0.8281549983132929, "r2": 0, "mann-w": 4.970796992237176e-18, "uplift": 8474.250000006507, "mds": 0, "mean_pred": 0.5000147492625326, "mean_true": 5.899705014744683e-05}, "validation.accumulative": {"cor": -0.16514099729091236, "r2": 0, "mann-w": 5.4931928603884725e-05, "uplift": 8539.495456643142, "mds": 0, "mean_pred": 0.5038640387396173, "mean_true": 5.899705014744683e-05}}