{"train": {"cor": 0.2789265825564576, "r2": 0, "mann-w": 3.174773377956373e-87, "uplift": -0.25825777682580736, "mds": 0.7417422231741926, "mean_pred": 0.7307229937798155, "mean_true": 0.9851441254790354}, "validation": {"cor": 0.21353405976039405, "r2": 0, "mann-w": 8.94973174123067e-31, "uplift": -0.25703087902281685, "mds": 0.7429691209771832, "mean_pred": 0.7307729326335166, "mean_true": 0.9835845286172518}, "train.accumulative": {"cor": 0.025063004375300502, "r2": 0, "mann-w": 1.8095020540868268e-87, "uplift": -0.2674450383752521, "mds": 0.732554961624748, "mean_pred": 0.7216722170351406, "mean_true": 0.9851441254790354}, "validation.accumulative": {"cor": -0.056247966478607817, "r2": 0, "mann-w": 8.94973174123067e-31, "uplift": -0.26283020101659643, "mds": 0.7371697989834036, "mean_pred": 0.7250688092439652, "mean_true": 0.9835845286172518}}