	Estimate	p-value
IFIH1	0.4538394146994875	0.0
ESRP1	-0.006508689606171791	0.0
RBM24	-0.04422305260252211	0.0
ESRP2	0.3381285806770722	0.0
OAS1	0.058116136537794245	0.0
IGF2BP2	-0.08453914514718863	0.0
(Intercept)	-5.575993699219464	0.0
