{"train": {"cor": 0.5204548834818131, "r2": 0, "mann-w": 3.323538802548775e-15, "uplift": 25.349424143382713, "mds": 0, "mean_pred": 0.5035029436406709, "mean_true": 0.01910868870988661}, "validation": {"cor": -0.5400498977460249, "r2": 0, "mann-w": 3.7339217844353662e-06, "uplift": 28.216016641737212, "mds": 0, "mean_pred": 0.5073993076241878, "mean_true": 0.017367162465923944}, "train.accumulative": {"cor": 0.4993948644678891, "r2": 0, "mann-w": 3.323538802548775e-15, "uplift": 25.328283282972585, "mds": 0, "mean_pred": 0.5030989695200346, "mean_true": 0.01910868870988661}, "validation.accumulative": {"cor": -0.4219903034027692, "r2": 0, "mann-w": 3.7339217844353662e-06, "uplift": 27.90232015815536, "mds": 0, "mean_pred": 0.5019512898288327, "mean_true": 0.017367162465923944}}