{"train": {"cor": 0.5310075286353937, "r2": 0, "mann-w": 7.114675531030705e-123, "uplift": 8474.467196223846, "mds": 0, "mean_pred": 0.5000275631986588, "mean_true": 5.899705014744683e-05}, "validation": {"cor": 0.4943713266045064, "r2": 0, "mann-w": 1.5993858440869747e-41, "uplift": 8474.562181071376, "mds": 0, "mean_pred": 0.5000331670244718, "mean_true": 5.899705014744683e-05}, "train.accumulative": {"cor": 0.5310075286353937, "r2": 0, "mann-w": 7.114675531030705e-123, "uplift": 8474.467196223846, "mds": 0, "mean_pred": 0.5000275631986588, "mean_true": 5.899705014744683e-05}, "validation.accumulative": {"cor": 0.4943713266045064, "r2": 0, "mann-w": 1.5993858440869747e-41, "uplift": 8474.562181071376, "mds": 0, "mean_pred": 0.5000331670244718, "mean_true": 5.899705014744683e-05}}