{"train": {"cor": 0.5176536140787934, "r2": 0, "mann-w": 4.3355390973495305e-230, "uplift": -0.24653090813078088, "mds": 0.7534690918692191, "mean_pred": 0.724024260418045, "mean_true": 0.9609209829986166}, "validation": {"cor": 0.5068388510389441, "r2": 0, "mann-w": 4.9779544468277395e-83, "uplift": -0.24701822371908927, "mds": 0.7529817762809108, "mean_pred": 0.724658097933264, "mean_true": 0.9623846429756353}}