{"train": {"cor": 0.6889844888827416, "r2": 0, "mann-w": 0.0, "uplift": 7.347046187231793, "mds": 0, "mean_pred": 0.5151852008376356, "mean_true": 0.06172066013312563}, "validation": {"cor": 0.6792044816946657, "r2": 0, "mann-w": 0.0, "uplift": 7.814966140107084, "mds": 0, "mean_pred": 0.5139193929194243, "mean_true": 0.05830077901050012}, "train.accumulative": {"cor": 0.7168797179915294, "r2": 0, "mann-w": 0.0, "uplift": 7.343576295243031, "mds": 0, "mean_pred": 0.5149710368134985, "mean_true": 0.06172066013312563}, "validation.accumulative": {"cor": 0.7072637771538016, "r2": 0, "mann-w": 0.0, "uplift": 7.810226221621694, "mds": 0, "mean_pred": 0.5136430519792798, "mean_true": 0.05830077901050012}}