{"train": {"cor": 0.6072210640529084, "r2": 0, "mann-w": 0.0009963710750736238, "uplift": -0.0503369622296065, "mds": 0.9496630377703935, "mean_pred": 0.6717622737836281, "mean_true": 0.7073690846816391}, "validation": {"cor": 0.4277725815940756, "r2": 0, "mann-w": 0.0013017602679197215, "uplift": -0.12140421524121577, "mds": 0.8785957847587842, "mean_pred": 0.6742388786144058, "mean_true": 0.7674050915228509}}