{"train": {"cor": NaN, "r2": 0, "mann-w": 3.3768945278001463e-101, "uplift": 80.62215190731874, "mds": 0, "mean_pred": 0.5015210897716701, "mean_true": 0.006144423763063036}, "validation": {"cor": NaN, "r2": 0, "mann-w": 2.74435999484094e-35, "uplift": 74.77260746279018, "mds": 0, "mean_pred": 0.5015210897716701, "mean_true": 0.0066187650994847065}, "train.accumulative": {"cor": 0.06452195512743308, "r2": 0, "mann-w": 9.366224734270613e-89, "uplift": 80.62188085122315, "mds": 0, "mean_pred": 0.5015194242881553, "mean_true": 0.006144423763063036}, "validation.accumulative": {"cor": 0.13007082042351809, "r2": 0, "mann-w": 4.118637390498403e-31, "uplift": 74.77240921792419, "mds": 0, "mean_pred": 0.50151977763547, "mean_true": 0.0066187650994847065}}