{"train": {"cor": NaN, "r2": 0, "mann-w": 1.0907877698125306e-23, "uplift": -0.2654650066109809, "mds": 0.7345349933890191, "mean_pred": 0.729905209628085, "mean_true": 0.9936969867976295}, "validation": {"cor": NaN, "r2": 0, "mann-w": 3.6103362578641035e-09, "uplift": -0.2647121580388287, "mds": 0.7352878419611713, "mean_pred": 0.729905209628085, "mean_true": 0.9926795575475182}, "train.accumulative": {"cor": -0.3588462939654449, "r2": 0, "mann-w": 2.5481894560921316e-21, "uplift": -0.2655115493852798, "mds": 0.7344884506147202, "mean_pred": 0.7298589602135069, "mean_true": 0.9936969867976295}, "validation.accumulative": {"cor": -0.29716154999891753, "r2": 0, "mann-w": 3.138531203272827e-08, "uplift": -0.2678103938948814, "mds": 0.7321896061051185, "mean_pred": 0.7268296542293208, "mean_true": 0.9926795575475182}}