{"train": {"cor": NaN, "r2": 0, "mann-w": 3.0480678946803996e-56, "uplift": 8474.249999999927, "mds": 0, "mean_pred": 0.5000147492625326, "mean_true": 5.899705014749263e-05}, "validation": {"cor": NaN, "r2": 0, "mann-w": 1.1924877741220774e-20, "uplift": 8474.249999999927, "mds": 0, "mean_pred": 0.5000147492625326, "mean_true": 5.899705014749263e-05}, "train.accumulative": {"cor": 0.07671776645469028, "r2": 0, "mann-w": 6.285043990258381e-49, "uplift": 8474.206008654159, "mds": 0, "mean_pred": 0.5000121539029002, "mean_true": 5.899705014749263e-05}, "validation.accumulative": {"cor": 0.03641022663304973, "r2": 0, "mann-w": 4.658253234495563e-18, "uplift": 8474.201819969932, "mds": 0, "mean_pred": 0.5000119067828869, "mean_true": 5.899705014749263e-05}}