{"train": {"cor": NaN, "r2": 0, "mann-w": 5.260223719637309e-12, "uplift": 8474.249999999927, "mds": 0, "mean_pred": 0.5000147492625326, "mean_true": 5.899705014749263e-05}, "validation": {"cor": NaN, "r2": 0, "mann-w": 7.356100586769295e-05, "uplift": 330.4117877340928, "mds": 0, "mean_pred": 0.5000147492625326, "mean_true": 0.0015087415951049934}, "train.accumulative": {"cor": 0.07626256859822463, "r2": 0, "mann-w": 1.0590859796228236e-10, "uplift": 8474.249984643291, "mds": 0, "mean_pred": 0.5000147483565364, "mean_true": 5.899705014749263e-05}, "validation.accumulative": {"cor": 0.43570114902880674, "r2": 0, "mann-w": 0.00019228367281753147, "uplift": 330.4117758171716, "mds": 0, "mean_pred": 0.5000147312829779, "mean_true": 0.0015087415951049934}}