{"train": {"cor": NaN, "r2": 0, "mann-w": 5.9793518640095844e-288, "uplift": 21.37057130321663, "mds": 0, "mean_pred": 0.5056220219671135, "mean_true": 0.02260210591467599}, "validation": {"cor": NaN, "r2": 0, "mann-w": 3.907715038494399e-99, "uplift": 22.281805424985237, "mds": 0, "mean_pred": 0.5056220219671135, "mean_true": 0.02171747477214534}, "train.accumulative": {"cor": 0.14292835009622945, "r2": 0, "mann-w": 3.1261328480177523e-252, "uplift": 21.239334365589368, "mds": 0, "mean_pred": 0.5026557908029444, "mean_true": 0.02260210591467599}, "validation.accumulative": {"cor": 0.20232058941721728, "r2": 0, "mann-w": 5.195705849806333e-87, "uplift": 22.15054166691516, "mds": 0, "mean_pred": 0.5027713046127296, "mean_true": 0.02171747477214534}}