{"train": {"cor": 0.702124603730958, "r2": 0, "mann-w": 8.477356761528695e-09, "uplift": -0.24914454820302234, "mds": 0.7508554517969777, "mean_pred": 0.7257963152601595, "mean_true": 0.9666258845469583}, "validation": {"cor": 0.5293341322332576, "r2": 0, "mann-w": 0.002716145103919202, "uplift": -0.19003157333791176, "mds": 0.8099684266620882, "mean_pred": 0.7302698920640575, "mean_true": 0.9016029119474798}}