{"train": {"cor": NaN, "r2": 0, "mann-w": 2.089229210300619e-28, "uplift": 96.58682511465672, "mds": 0, "mean_pred": 0.5012841976742688, "mean_true": 0.0051368019923314434}, "validation": {"cor": NaN, "r2": 0, "mann-w": 2.828778722306536e-10, "uplift": 104.51336029781014, "mds": 0, "mean_pred": 0.5012841976742688, "mean_true": 0.004750907337794953}, "train.accumulative": {"cor": 0.0033142719435532795, "r2": 0, "mann-w": 4.244055498459335e-25, "uplift": 96.58446551195676, "mds": 0, "mean_pred": 0.5012720768624186, "mean_true": 0.0051368019923314434}, "validation.accumulative": {"cor": -0.04201292801031781, "r2": 0, "mann-w": 3.3184428214986893e-09, "uplift": 104.51083042765161, "mds": 0, "mean_pred": 0.501272178495569, "mean_true": 0.004750907337794953}}