{"train": {"cor": 0.6858951074691679, "r2": 0, "mann-w": 3.101579056783195e-21, "uplift": -0.268914752974653, "mds": 0.731085247025347, "mean_pred": 0.7310421151523662, "mean_true": 0.9999410029498526}, "validation": {"cor": -0.08712191762833087, "r2": 0, "mann-w": 1.3073802289921577e-08, "uplift": -0.26890910502043974, "mds": 0.7310908949795603, "mean_pred": 0.7310477627733668, "mean_true": 0.9999410029498526}}