{"train": {"cor": 0.5596823143845935, "r2": 0, "mann-w": 7.919826297365498e-43, "uplift": 12.418556876863105, "mds": 0, "mean_pred": 0.5072424304163883, "mean_true": 0.03780156354153099}, "validation": {"cor": 0.2362306833554237, "r2": 0, "mann-w": 7.273421775514448e-16, "uplift": 18.066381915637624, "mds": 0, "mean_pred": 0.5049245535830492, "mean_true": 0.02648245250814611}, "train.accumulative": {"cor": 0.5513850528306645, "r2": 0, "mann-w": 7.919826297365498e-43, "uplift": 12.416148677128332, "mds": 0, "mean_pred": 0.5071513967010935, "mean_true": 0.03780156354153099}, "validation.accumulative": {"cor": 0.26954855458127186, "r2": 0, "mann-w": 7.273421775514448e-16, "uplift": 17.997718586034395, "mds": 0, "mean_pred": 0.5031061802177805, "mean_true": 0.02648245250814611}}