{"train": {"cor": 0.580754288992935, "r2": 0, "mann-w": 4.9500650906130045e-05, "uplift": -0.06696385981659425, "mds": 0.9330361401834057, "mean_pred": 0.7023429578282832, "mean_true": 0.7527500035424399}, "validation": {"cor": 0.20868415098627144, "r2": 0, "mann-w": 0.0003777617405167485, "uplift": -0.12314429296644921, "mds": 0.8768557070335508, "mean_pred": 0.6982611217625174, "mean_true": 0.7963238605411735}}