{"train": {"cor": NaN, "r2": 0, "mann-w": 8.030554050398281e-141, "uplift": 76.13411619667842, "mds": 0, "mean_pred": 0.5016090038730641, "mean_true": 0.006503075793259229}, "validation": {"cor": NaN, "r2": 0, "mann-w": 2.937633752133243e-48, "uplift": 76.19206276124577, "mds": 0, "mean_pred": 0.5016090038730641, "mean_true": 0.006498194062057072}, "train.accumulative": {"cor": 0.4445370139422121, "r2": 0, "mann-w": 1.661966526651301e-123, "uplift": 76.13386105612894, "mds": 0, "mean_pred": 0.5016073446747328, "mean_true": 0.006503075793259229}, "validation.accumulative": {"cor": 0.1990198340578924, "r2": 0, "mann-w": 1.747734994929718e-42, "uplift": 76.19150790048263, "mds": 0, "mean_pred": 0.5016053982801478, "mean_true": 0.006498194062057072}}