{"train": {"cor": 0.6532902185814182, "r2": 0, "mann-w": 4.712756080999019e-25, "uplift": -0.26507169275774206, "mds": 0.7349283072422579, "mean_pred": 0.7299480078590922, "mean_true": 0.9932234214765059}, "validation": {"cor": 0.10487838901928467, "r2": 0, "mann-w": 3.495643732688372e-10, "uplift": -0.26609169824589984, "mds": 0.7339083017541002, "mean_pred": 0.7306153909500511, "mean_true": 0.9955131849630551}}