{"train": {"cor": 0.296915351840466, "r2": 0, "mann-w": 3.227670250101789e-117, "uplift": -0.24556270964560475, "mds": 0.7544372903543952, "mean_pred": 0.7295763936374546, "mean_true": 0.9670470998255372}, "validation": {"cor": 0.10792587666713915, "r2": 0, "mann-w": 2.670636392502611e-41, "uplift": -0.24659333218433652, "mds": 0.7534066678156635, "mean_pred": 0.7299743134736847, "mean_true": 0.968898132518636}, "train.accumulative": {"cor": -0.0748826592390679, "r2": 0, "mann-w": 3.188074923620372e-122, "uplift": -0.42946697208375034, "mds": 0.5705330279162497, "mean_pred": 0.5517323100010915, "mean_true": 0.9670470998255372}, "validation.accumulative": {"cor": -0.02055909222998219, "r2": 0, "mann-w": 2.670636392502611e-41, "uplift": -0.42616468818863157, "mds": 0.5738353118113684, "mean_pred": 0.5559879619872841, "mean_true": 0.968898132518636}}