{"train": {"cor": 0.5868962550532572, "r2": 0, "mann-w": 6.098144320759123e-96, "uplift": -0.2122861590489303, "mds": 0.7877138409510697, "mean_pred": 0.7154379499631734, "mean_true": 0.908246006061501}, "validation": {"cor": 0.4992988910437059, "r2": 0, "mann-w": 2.2853869023598554e-28, "uplift": -0.2165437355625378, "mds": 0.7834562644374622, "mean_pred": 0.7150760064889228, "mean_true": 0.912719750862369}}