{"train": {"cor": 0.7905375279333167, "r2": 0, "mann-w": 3.5094002038223804e-64, "uplift": -0.16747361371807315, "mds": 0.8325263862819269, "mean_pred": 0.6986506752519234, "mean_true": 0.8391934319008265}, "validation": {"cor": 0.6002012853175729, "r2": 0, "mann-w": 9.626809908589267e-30, "uplift": -0.17396077061727744, "mds": 0.8260392293827226, "mean_pred": 0.7011449845763397, "mean_true": 0.8488034945995082}}