{"train": {"cor": NaN, "r2": 0, "mann-w": 6.331718424264996e-73, "uplift": 192.1182092355181, "mds": 0, "mean_pred": 0.5006382893039184, "mean_true": 0.0025923929767459834}, "validation": {"cor": NaN, "r2": 0, "mann-w": 8.924527078880084e-26, "uplift": 178.94112204720682, "mds": 0, "mean_pred": 0.5006382893039184, "mean_true": 0.0027822338974443986}, "train.accumulative": {"cor": -0.03088225977187674, "r2": 0, "mann-w": 4.4500292896882845e-64, "uplift": 192.11810520839285, "mds": 0, "mean_pred": 0.5006380196247295, "mean_true": 0.0025923929767459834}, "validation.accumulative": {"cor": 0.3432418304576553, "r2": 0, "mann-w": 8.552374242295049e-23, "uplift": 178.9409707915938, "mds": 0, "mean_pred": 0.5006378684754247, "mean_true": 0.0027822338974443986}}