{"train": {"cor": NaN, "r2": 0, "mann-w": 7.673217267982916e-15, "uplift": 12.903950565132838, "mds": 0, "mean_pred": 0.5091538179416972, "mean_true": 0.03661936336414418}, "validation": {"cor": NaN, "r2": 0, "mann-w": 1.2764943055557748e-05, "uplift": 9.719142250854734, "mds": 0, "mean_pred": 0.5091538179416972, "mean_true": 0.0474994925924318}, "train.accumulative": {"cor": 0.17172700493229232, "r2": 0, "mann-w": 2.764724267820249e-13, "uplift": 12.899484096184706, "mds": 0, "mean_pred": 0.5089902586923309, "mean_true": 0.03661936336414418}, "validation.accumulative": {"cor": -0.22399606028402042, "r2": 0, "mann-w": 4.0757680638716086e-05, "uplift": 9.715565353748648, "mds": 0, "mean_pred": 0.5089839171441027, "mean_true": 0.0474994925924318}}