{"train": {"cor": 0.43580603339625995, "r2": 0, "mann-w": 6.3257355371871295e-62, "uplift": 8475.54044956394, "mds": 0, "mean_pred": 0.5000908819797852, "mean_true": 5.899705014744683e-05}, "validation": {"cor": 0.30823069954803245, "r2": 0, "mann-w": 5.922893407257256e-22, "uplift": 8476.543965716042, "mds": 0, "mean_pred": 0.5001500864725346, "mean_true": 5.899705014744683e-05}, "train.accumulative": {"cor": 0.43580603339625995, "r2": 0, "mann-w": 6.3257355371871295e-62, "uplift": 8475.54044956394, "mds": 0, "mean_pred": 0.5000908819797852, "mean_true": 5.899705014744683e-05}, "validation.accumulative": {"cor": 0.30823069954803245, "r2": 0, "mann-w": 5.922893407257256e-22, "uplift": 8476.543965716042, "mds": 0, "mean_pred": 0.5001500864725346, "mean_true": 5.899705014744683e-05}}