{"train": {"cor": 0.45167891507692126, "r2": 0, "mann-w": 6.212951713533698e-200, "uplift": -0.2689225657151127, "mds": 0.7310774342848874, "mean_pred": 0.7310343028728351, "mean_true": 0.9999410029498526}, "validation": {"cor": 0.45329221157732236, "r2": 0, "mann-w": 5.32728096185519e-81, "uplift": -0.26892274368933167, "mds": 0.7310772563106683, "mean_pred": 0.7310341249091161, "mean_true": 0.9999410029498526}}