{"train": {"cor": 0.828154998313293, "r2": 0, "mann-w": 2.124987581884021e-10, "uplift": -0.26890988889225365, "mds": 0.7310901111077464, "mean_pred": 0.731046978947799, "mean_true": 0.9999410029498526}, "validation": {"cor": -0.16514099729091236, "r2": 0, "mann-w": 0.00036813905402222763, "uplift": -0.2719494342325321, "mds": 0.7280505657674678, "mean_pred": 0.7280076129317294, "mean_true": 0.9999410029498526}}