{"train": {"cor": 0.47611546153623663, "r2": 0, "mann-w": 0.0, "uplift": -0.26893543285432653, "mds": 0.7310645671456735, "mean_pred": 0.7310214364927445, "mean_true": 0.9999410029498526}, "validation": {"cor": 0.4445618994584621, "r2": 0, "mann-w": 0.0, "uplift": -0.2689364501203578, "mds": 0.7310635498796423, "mean_pred": 0.731020419286729, "mean_true": 0.9999410029498526}}