{"train": {"cor": NaN, "r2": 0, "mann-w": 8.934144357064084e-26, "uplift": 22.79108789109295, "mds": 0, "mean_pred": 0.5053096633334757, "mean_true": 0.0212394517496048}, "validation": {"cor": NaN, "r2": 0, "mann-w": 1.64180060595867e-09, "uplift": 31.294068452365682, "mds": 0, "mean_pred": 0.5053096633334757, "mean_true": 0.01564713545085892}, "train.accumulative": {"cor": 0.24630760936167695, "r2": 0, "mann-w": 8.559438707703746e-23, "uplift": 22.780160934443927, "mds": 0, "mean_pred": 0.5050775807649588, "mean_true": 0.0212394517496048}, "validation.accumulative": {"cor": 0.19013290589369164, "r2": 0, "mann-w": 1.5547223025562037e-08, "uplift": 31.255944653173298, "mds": 0, "mean_pred": 0.5047131350836112, "mean_true": 0.01564713545085892}}