{"train": {"cor": NaN, "r2": 0, "mann-w": 1.1214556120400402e-51, "uplift": -0.2682411973380605, "mds": 0.7317588026619395, "mean_pred": 0.7308081944760104, "mean_true": 0.9987009268867405}, "validation": {"cor": NaN, "r2": 0, "mann-w": 1.2459123347594874e-18, "uplift": -0.26820887924618253, "mds": 0.7317911207538175, "mean_pred": 0.7308081944760104, "mean_true": 0.998656821256871}}