{"train": {"cor": NaN, "r2": 0, "mann-w": 2.975258794330805e-51, "uplift": 49.49407206468357, "mds": 0, "mean_pred": 0.5024853916431535, "mean_true": 0.009951373915723476}, "validation": {"cor": NaN, "r2": 0, "mann-w": 2.992005740255383e-18, "uplift": 68.46417022709674, "mds": 0, "mean_pred": 0.5024853916431535, "mean_true": 0.007233734888078212}, "train.accumulative": {"cor": 0.16988667346200143, "r2": 0, "mann-w": 4.1777370789744e-45, "uplift": 49.494049449688, "mds": 0, "mean_pred": 0.5024851665928765, "mean_true": 0.009951373915723476}, "validation.accumulative": {"cor": 0.5340524839316324, "r2": 0, "mann-w": 3.364426651940424e-16, "uplift": 68.46404553890098, "mds": 0, "mean_pred": 0.5024844896818017, "mean_true": 0.007233734888078212}}