{"train": {"cor": 0.5795520921876108, "r2": 0, "mann-w": 3.4063745373565914e-73, "uplift": 8475.464317937345, "mds": 0, "mean_pred": 0.5000863904383932, "mean_true": 5.899705014744683e-05}, "validation": {"cor": 0.42482972723158174, "r2": 0, "mann-w": 5.278274401182086e-28, "uplift": 8475.510887802357, "mds": 0, "mean_pred": 0.5000891379230546, "mean_true": 5.899705014744683e-05}, "train.accumulative": {"cor": 0.5795520921876108, "r2": 0, "mann-w": 3.4063745373565914e-73, "uplift": 8475.464317937345, "mds": 0, "mean_pred": 0.5000863904383932, "mean_true": 5.899705014744683e-05}, "validation.accumulative": {"cor": 0.42482972723158174, "r2": 0, "mann-w": 5.278274401182086e-28, "uplift": 8475.510887802357, "mds": 0, "mean_pred": 0.5000891379230546, "mean_true": 5.899705014744683e-05}}