	Estimate	p-value
AKAP1	0.9346778858993776	0.0
CFTR	0.14700731571931763	0.0
(Intercept)	-4.155325282828234	0.0
