{"train": {"cor": 0.8676199083152148, "r2": 0, "mann-w": 5.83757561191919e-06, "uplift": 0.2822673649010168, "mds": 0.7177326350989832, "mean_pred": 0.6167790651724948, "mean_true": 0.48100659975862864}, "validation": {"cor": 0.37020318228641563, "r2": 0, "mann-w": 0.01905592714895201, "uplift": 0.17532254214618595, "mds": 0.8246774578538141, "mean_pred": 0.6222294824155394, "mean_true": 0.529411680711342}, "train.accumulative": {"cor": 0.6974630915306734, "r2": 0, "mann-w": 0.0026155038365125575, "uplift": 0.13600711533950235, "mds": 0.8639928846604976, "mean_pred": 0.5464269198510623, "mean_true": 0.48100659975862864}, "validation.accumulative": {"cor": 0.4154512098046872, "r2": 0, "mann-w": 0.14382596700728784, "uplift": 0.06163909275397927, "mds": 0.9383609072460207, "mean_pred": 0.5620441364037485, "mean_true": 0.529411680711342}}