{"train": {"cor": 0.5329400712646422, "r2": 0, "mann-w": 3.9259763808677397e-28, "uplift": -0.24901585358997014, "mds": 0.7509841464100299, "mean_pred": 0.7228355758764229, "mean_true": 0.962517756642178}, "validation": {"cor": 0.48845352654653584, "r2": 0, "mann-w": 2.6678319411388447e-09, "uplift": -0.25017504577205457, "mds": 0.7498249542279454, "mean_pred": 0.7260210501249272, "mean_true": 0.9682540518706425}}