{"train": {"cor": 0.7952292518882516, "r2": 0, "mann-w": 1.437361883264309e-20, "uplift": 8474.63198030537, "mds": 0, "mean_pred": 0.50003728497338, "mean_true": 5.899705014744683e-05}, "validation": {"cor": 0.19647277934954555, "r2": 0, "mann-w": 1.8513423746831543e-11, "uplift": 11592.194368878007, "mds": 0, "mean_pred": 0.683964269549794, "mean_true": 5.899705014744683e-05}, "train.accumulative": {"cor": 0.7952292518882516, "r2": 0, "mann-w": 1.437361883264309e-20, "uplift": 8474.63198030537, "mds": 0, "mean_pred": 0.50003728497338, "mean_true": 5.899705014744683e-05}, "validation.accumulative": {"cor": 0.19647277934954555, "r2": 0, "mann-w": 1.8513423746831543e-11, "uplift": 11592.194368878007, "mds": 0, "mean_pred": 0.683964269549794, "mean_true": 5.899705014744683e-05}}