{"train": {"cor": 0.8854417643017982, "r2": 0, "mann-w": 1.2232510246530348e-11, "uplift": 0.2574387098255131, "mds": 0.7425612901744869, "mean_pred": 0.6235394586136027, "mean_true": 0.4958805973931941}, "validation": {"cor": 0.6821861417855962, "r2": 0, "mann-w": 0.008028342397624911, "uplift": 0.11954912503565952, "mds": 0.8804508749643405, "mean_pred": 0.6289727822751134, "mean_true": 0.561809007045653}, "train.accumulative": {"cor": 0.8020602821309434, "r2": 0, "mann-w": 2.3254914900458765e-09, "uplift": 0.22637449290420292, "mds": 0.7736255070957971, "mean_pred": 0.6081353161691117, "mean_true": 0.4958805973931941}, "validation.accumulative": {"cor": 0.6618179514667296, "r2": 0, "mann-w": 0.04552095101090177, "uplift": 0.08085975829354586, "mds": 0.9191402417064541, "mean_pred": 0.6072367475625015, "mean_true": 0.561809007045653}}