	Estimate	p-value
RAVER1	2.409093405060565	0.0
PCBP1	0.5814310330956635	0.0
(Intercept)	-2.733449986522669	0.0
