{"train": {"cor": 0.6430309316166504, "r2": 0, "mann-w": 1.364189426009608e-23, "uplift": -0.268977408267971, "mds": 0.731022591732029, "mean_pred": 0.7309794635555257, "mean_true": 0.9999410029498526}, "validation": {"cor": 0.4590138295641919, "r2": 0, "mann-w": 8.326221875272634e-10, "uplift": -0.2690977513983007, "mds": 0.7309022486016993, "mean_pred": 0.7308591275250856, "mean_true": 0.9999410029498526}}