{"train": {"cor": 0.36413645941920153, "r2": 0, "mann-w": 1.1354088589760835e-62, "uplift": -0.2349652065899436, "mds": 0.7650347934100564, "mean_pred": 0.7205791163099828, "mean_true": 0.9418906466960576}, "validation": {"cor": 0.25450118454467086, "r2": 0, "mann-w": 6.132657410536877e-26, "uplift": -0.23331873494779426, "mds": 0.7666812650522057, "mean_pred": 0.7202360524889361, "mean_true": 0.9394204414788888}}