{"train": {"cor": 0.7314111288320811, "r2": 0, "mann-w": 1.1344373258408854e-24, "uplift": -0.19521966024150386, "mds": 0.8047803397584962, "mean_pred": 0.7139058251661594, "mean_true": 0.8870815922024052}, "validation": {"cor": 0.500275286410819, "r2": 0, "mann-w": 3.15553262270258e-10, "uplift": -0.22626516882292194, "mds": 0.7737348311770781, "mean_pred": 0.7177168655038031, "mean_true": 0.9276005636348887}}