{"train": {"cor": NaN, "r2": 0, "mann-w": 2.8508083010644643e-24, "uplift": -0.26436254922169566, "mds": 0.7356374507783043, "mean_pred": 0.7293839395097025, "mean_true": 0.9914991939820551}, "validation": {"cor": NaN, "r2": 0, "mann-w": 4.003272516972358e-09, "uplift": -0.2612293538084914, "mds": 0.7387706461915087, "mean_pred": 0.7293839395097025, "mean_true": 0.9872941531580928}, "train.accumulative": {"cor": -0.13623911047829476, "r2": 0, "mann-w": 1.7782854874923613e-21, "uplift": -0.26474097770337607, "mds": 0.735259022296624, "mean_pred": 0.7290087279751365, "mean_true": 0.9914991939820551}, "validation.accumulative": {"cor": 0.28624759600714894, "r2": 0, "mann-w": 3.397807564086679e-08, "uplift": -0.2615929186980762, "mds": 0.7384070813019238, "mean_pred": 0.7290249940199218, "mean_true": 0.9872941531580928}}