{"train": {"cor": 0.6443999559229001, "r2": 0, "mann-w": 6.186134463205761e-31, "uplift": -0.09883075308263303, "mds": 0.901169246917367, "mean_pred": 0.6838047926048066, "mean_true": 0.7587973013325746}, "validation": {"cor": 0.5463544731914539, "r2": 0, "mann-w": 2.1819729242759826e-12, "uplift": -0.13489228463096253, "mds": 0.8651077153690374, "mean_pred": 0.6863822639450957, "mean_true": 0.7934067073396738}}