{"train": {"cor": 0.3332611976598684, "r2": 0, "mann-w": 1.7170821372225881e-110, "uplift": -0.25483595344334975, "mds": 0.7451640465566503, "mean_pred": 0.7285525196179438, "mean_true": 0.9777075571272297}, "validation": {"cor": 0.21366981507213048, "r2": 0, "mann-w": 1.3881978363122274e-35, "uplift": -0.25683813435622055, "mds": 0.7431618656437795, "mean_pred": 0.7279553978953714, "mean_true": 0.979538148482316}, "train.accumulative": {"cor": -0.1317278368077781, "r2": 0, "mann-w": 7.070643223950155e-114, "uplift": -0.4507435441098692, "mds": 0.5492564558901307, "mean_pred": 0.5370121877246997, "mean_true": 0.9777075571272297}, "validation.accumulative": {"cor": -0.04485214067080816, "r2": 0, "mann-w": 1.3881978363122274e-35, "uplift": -0.444218439551134, "mds": 0.5557815604488661, "mean_pred": 0.5444092406826946, "mean_true": 0.979538148482316}}