{"train": {"cor": 0.5190549050943211, "r2": 0, "mann-w": 2.280754680448203e-63, "uplift": 8478.461314432681, "mds": 0, "mean_pred": 0.5002632043909203, "mean_true": 5.899705014744683e-05}, "validation": {"cor": 0.3442644981372971, "r2": 0, "mann-w": 4.844048757163864e-26, "uplift": 8477.418141008211, "mds": 0, "mean_pred": 0.5002016602360844, "mean_true": 5.899705014744683e-05}, "train.accumulative": {"cor": 0.5190549050943211, "r2": 0, "mann-w": 2.280754680448203e-63, "uplift": 8478.461314432681, "mds": 0, "mean_pred": 0.5002632043909203, "mean_true": 5.899705014744683e-05}, "validation.accumulative": {"cor": 0.3442644981372971, "r2": 0, "mann-w": 4.844048757163864e-26, "uplift": 8477.418141008211, "mds": 0, "mean_pred": 0.5002016602360844, "mean_true": 5.899705014744683e-05}}