{"train": {"cor": 0.8822451169304593, "r2": 0, "mann-w": 1.1567268073650539e-10, "uplift": -0.07435819067354169, "mds": 0.9256418093264583, "mean_pred": 0.6764260931367987, "mean_true": 0.730764412671678}, "validation": {"cor": 0.7821245328976468, "r2": 0, "mann-w": 0.009866486708346903, "uplift": -0.07221018736467752, "mds": 0.9277898126353225, "mean_pred": 0.6664928185841915, "mean_true": 0.7183661746522793}, "train.accumulative": {"cor": 0.7816969930317383, "r2": 0, "mann-w": 4.38659356896194e-20, "uplift": -0.12179246906571191, "mds": 0.878207530934288, "mean_pred": 0.6417628105470395, "mean_true": 0.730764412671678}, "validation.accumulative": {"cor": 0.7671417716238905, "r2": 0, "mann-w": 0.00032675343418271045, "uplift": -0.11020897445452706, "mds": 0.889791025545473, "mean_pred": 0.6391957752610299, "mean_true": 0.7183661746522793}}