{"train": {"cor": NaN, "r2": 0, "mann-w": 6.362087143631301e-73, "uplift": -0.2592352549967818, "mds": 0.7407647450032182, "mean_pred": 0.7276501207098338, "mean_true": 0.9822958309208851}, "validation": {"cor": NaN, "r2": 0, "mann-w": 8.938956740842668e-26, "uplift": -0.25830560021845805, "mds": 0.741694399781542, "mean_pred": 0.7276501207098338, "mean_true": 0.9810646014371354}, "train.accumulative": {"cor": -0.07221457408958686, "r2": 0, "mann-w": 4.4663683254588265e-64, "uplift": -0.2601545135162352, "mds": 0.7398454864837648, "mean_pred": 0.7267471368986362, "mean_true": 0.9822958309208851}, "validation.accumulative": {"cor": -0.5500261056884399, "r2": 0, "mann-w": 8.562973037810145e-23, "uplift": -0.25927292236301236, "mds": 0.7407270776369876, "mean_pred": 0.7267011151956253, "mean_true": 0.9810646014371354}}