{"train": {"cor": 0.42354509882959385, "r2": 0, "mann-w": 5.000250480031156e-31, "uplift": -0.255427642441931, "mds": 0.7445723575580689, "mean_pred": 0.728344121333692, "mean_true": 0.978204621673574}, "validation": {"cor": 0.07504136913562381, "r2": 0, "mann-w": 3.211332349905143e-11, "uplift": -0.25776659075708536, "mds": 0.7422334092429146, "mean_pred": 0.7270171566970535, "mean_true": 0.9794993699335336}, "train.accumulative": {"cor": -0.13784442101465177, "r2": 0, "mann-w": 5.000250480031156e-31, "uplift": -0.27606852958352157, "mds": 0.7239314704164784, "mean_pred": 0.7081531101363454, "mean_true": 0.978204621673574}, "validation.accumulative": {"cor": -0.38688776269511677, "r2": 0, "mann-w": 3.2027147791194746e-11, "uplift": -0.43286519104108595, "mds": 0.5671348089589141, "mean_pred": 0.5555081880426312, "mean_true": 0.9794993699335336}}