{"train": {"cor": 0.8854417643017982, "r2": 0, "mann-w": 4.814013833289557e-12, "uplift": 0.2326007289798058, "mds": 0.7673992710201942, "mean_pred": 0.6213779431460131, "mean_true": 0.5041194026068059}, "validation": {"cor": 0.6821861417855962, "r2": 0, "mann-w": 1.9074366878937e-05, "uplift": 0.4055532445655778, "mds": 0.5944467554344222, "mean_pred": 0.6159007718863948, "mean_true": 0.4381909929543471}}