{"train": {"cor": 0.6821199034033781, "r2": 0, "mann-w": 3.888611188011315e-25, "uplift": -0.2687637580201493, "mds": 0.7312362419798507, "mean_pred": 0.7310022940720933, "mean_true": 0.9996800652178781}, "validation": {"cor": 0.4979507614307846, "r2": 0, "mann-w": 3.125417672914086e-09, "uplift": -0.2687150959772036, "mds": 0.7312849040227964, "mean_pred": 0.7310011037497363, "mean_true": 0.999611915586526}}