{"train": {"cor": NaN, "r2": 0, "mann-w": 2.5506957975108498e-15, "uplift": 8474.249999999927, "mds": 0, "mean_pred": 0.5000147492625326, "mean_true": 5.899705014749263e-05}, "validation": {"cor": NaN, "r2": 0, "mann-w": 1.1302474023356288e-05, "uplift": 1976.5122797088252, "mds": 0, "mean_pred": 0.5000147492625326, "mean_true": 0.000252850389043428}, "train.accumulative": {"cor": 0.1232187493713012, "r2": 0, "mann-w": 1.1789647403705049e-13, "uplift": 8474.249882131622, "mds": 0, "mean_pred": 0.5000147423086503, "mean_true": 5.899705014749263e-05}, "validation.accumulative": {"cor": -0.6348966816659599, "r2": 0, "mann-w": 3.710974222553959e-05, "uplift": 1976.5122110711975, "mds": 0, "mean_pred": 0.5000147319074818, "mean_true": 0.000252850389043428}}