{"train": {"cor": 0.7969155017536942, "r2": 0, "mann-w": 1.6145033642671958e-14, "uplift": -0.08533620122165406, "mds": 0.9146637987783459, "mean_pred": 0.6765477437008693, "mean_true": 0.7396682197376654}, "validation": {"cor": 0.6948218782295789, "r2": 0, "mann-w": 5.360951126442214e-06, "uplift": -0.08793181644406149, "mds": 0.9120681835559385, "mean_pred": 0.6694752210720479, "mean_true": 0.7340188301075498}, "train.accumulative": {"cor": 0.4822076784526297, "r2": 0, "mann-w": 1.161017022601141e-23, "uplift": -0.12797303032731483, "mds": 0.8720269696726852, "mean_pred": 0.6450106362210262, "mean_true": 0.7396682197376654}, "validation.accumulative": {"cor": 0.48982003871878604, "r2": 0, "mann-w": 2.068950585841892e-09, "uplift": -0.12628431784955532, "mds": 0.8737156821504447, "mean_pred": 0.6413237628586892, "mean_true": 0.7340188301075498}}