	Estimate	p-value
RBM38	0.0911566320323786	0.0
ZFP36L2	0.23870535144167815	0.0
KHDRBS3	-0.3959293905804203	0.0
CFTR	0.5301883234850315	0.0
ZFP36	-0.029059806014077094	0.0
MSI1	-0.3254547277777958	0.0
(Intercept)	-6.831819761791004	0.0
