{"train": {"cor": 0.2882719357837572, "r2": 0, "mann-w": 1.1475870330479768e-119, "uplift": 81.58700431978536, "mds": 0, "mean_pred": 0.500358918337296, "mean_true": 0.006058567234135953}, "validation": {"cor": 0.1421025259747104, "r2": 0, "mann-w": 4.3635738191344464e-41, "uplift": 243.31480144468046, "mds": 0, "mean_pred": 0.5003717731641537, "mean_true": 0.0020480616409867887}, "train.accumulative": {"cor": 0.21843323598949835, "r2": 0, "mann-w": 1.1475870330479768e-119, "uplift": 81.55232230927237, "mds": 0, "mean_pred": 0.500148795044788, "mean_true": 0.006058567234135953}, "validation.accumulative": {"cor": 0.12693857518977875, "r2": 0, "mann-w": 4.3635738191344464e-41, "uplift": 243.19786109102688, "mds": 0, "mean_pred": 0.5001322721115524, "mean_true": 0.0020480616409867887}}