	Estimate	p-value
CPEB4	-0.5278965632688443	0.0
SNRPA	0.23774741030821187	0.0
CELF2	-0.548194940837407	0.0
OAS1	0.12530468037560166	0.0
ESRP1	0.5231246345014764	0.0
PCBP1	-0.35690058997649077	0.0
(Intercept)	-1.2004118403418973	0.0
