{"train": {"cor": 0.45569431713373604, "r2": 0, "mann-w": 5.340613197919728e-88, "uplift": 1.3714757707449727, "mds": 0, "mean_pred": 0.5576706901594028, "mean_true": 0.23515765880425454}, "validation": {"cor": 0.4836304950115695, "r2": 0, "mann-w": 6.536533383022706e-30, "uplift": 1.2768293942598394, "mds": 0, "mean_pred": 0.5592865032707632, "mean_true": 0.24564269272032052}, "train.accumulative": {"cor": 0.33340939094838845, "r2": 0, "mann-w": 1.812881540909415e-76, "uplift": 1.1732057577724397, "mds": 0, "mean_pred": 0.5110459780976928, "mean_true": 0.23515765880425454}, "validation.accumulative": {"cor": 0.4203524133811918, "r2": 0, "mann-w": 3.1346114904518408e-27, "uplift": 1.0879630165150866, "mds": 0, "mean_pred": 0.5128928576772089, "mean_true": 0.24564269272032052}}