{"train": {"cor": 0.5815496766049143, "r2": 0, "mann-w": 6.652099085537787e-93, "uplift": -0.2689302043494769, "mds": 0.7310697956505231, "mean_pred": 0.7310266646891278, "mean_true": 0.9999410029498526}, "validation": {"cor": 0.3361304915556413, "r2": 0, "mann-w": 1.3669905257927166e-32, "uplift": -0.26894192098399555, "mds": 0.7310580790160044, "mean_pred": 0.731014948745856, "mean_true": 0.9999410029498526}}