{"train": {"cor": NaN, "r2": 0, "mann-w": 9.225930634287894e-20, "uplift": -0.26319894012519873, "mds": 0.7368010598748013, "mean_pred": 0.7289614900879761, "mean_true": 0.9893599911648372}, "validation": {"cor": NaN, "r2": 0, "mann-w": 1.4028974968562675e-07, "uplift": -0.260202280835929, "mds": 0.739797719164071, "mean_pred": 0.7289614900879761, "mean_true": 0.9853524432484879}}