{"train": {"cor": NaN, "r2": 0, "mann-w": 7.656386419328883e-138, "uplift": 151.72584124391994, "mds": 0, "mean_pred": 0.5008167830647942, "mean_true": 0.0032791882433630517}, "validation": {"cor": NaN, "r2": 0, "mann-w": 1.6435043630657799e-47, "uplift": 164.3581988037691, "mds": 0, "mean_pred": 0.5008167830647942, "mean_true": 0.0030286782674690017}, "train.accumulative": {"cor": -0.08448172125260908, "r2": 0, "mann-w": 6.736856098149437e-121, "uplift": 151.7258025452036, "mds": 0, "mean_pred": 0.5008166561644185, "mean_true": 0.0032791882433630517}, "validation.accumulative": {"cor": -0.07402587363929866, "r2": 0, "mann-w": 7.8930270315632e-42, "uplift": 164.35815985867308, "mds": 0, "mean_pred": 0.5008166651126282, "mean_true": 0.0030286782674690017}}