{"train": {"cor": NaN, "r2": 0, "mann-w": 2.336250648474426e-136, "uplift": -0.2581125542432801, "mds": 0.7418874457567199, "mean_pred": 0.7271340152924273, "mean_true": 0.9801136539664124}, "validation": {"cor": NaN, "r2": 0, "mann-w": 1.6447223659666236e-47, "uplift": -0.25892275094773826, "mds": 0.7410772490522617, "mean_pred": 0.7271340152924273, "mean_true": 0.9811851817369026}, "train.accumulative": {"cor": -0.18370862705788876, "r2": 0, "mann-w": 1.331099046376903e-119, "uplift": -0.2606846631432946, "mds": 0.7393153368567054, "mean_pred": 0.7246130562400346, "mean_true": 0.9801136539664124}, "validation.accumulative": {"cor": 0.0837224976471347, "r2": 0, "mann-w": 7.897508237295797e-42, "uplift": -0.26108741322501033, "mds": 0.7389125867749897, "mean_pred": 0.7250100807425031, "mean_true": 0.9811851817369026}}