{"train": {"cor": 0.6762385109415632, "r2": 0, "mann-w": 8.1363816611130985e-16, "uplift": 0.2284736828945877, "mds": 0.7715263171054123, "mean_pred": 0.631668508161161, "mean_true": 0.514189694868183}, "validation": {"cor": 0.23934711237362466, "r2": 0, "mann-w": 0.00020414684071418113, "uplift": 0.12256288682850104, "mds": 0.877437113171499, "mean_pred": 0.631844775957499, "mean_true": 0.5628591354401589}}