{"train": {"cor": NaN, "r2": 0, "mann-w": 5.71660031753936e-142, "uplift": 8474.249999999927, "mds": 0, "mean_pred": 0.5000147492625326, "mean_true": 5.899705014749263e-05}, "validation": {"cor": NaN, "r2": 0, "mann-w": 8.52792655518477e-51, "uplift": 8474.249999999927, "mds": 0, "mean_pred": 0.5000147492625326, "mean_true": 5.899705014749263e-05}, "train.accumulative": {"cor": -0.5125167085500227, "r2": 0, "mann-w": 9.631851859283895e-124, "uplift": 8474.2499757176, "mds": 0, "mean_pred": 0.5000147478299469, "mean_true": 5.899705014749263e-05}, "validation.accumulative": {"cor": 0.05835463795999058, "r2": 0, "mann-w": 2.52959967449031e-44, "uplift": 8474.249978645204, "mds": 0, "mean_pred": 0.500014748002667, "mean_true": 5.899705014749263e-05}}