{"train": {"cor": NaN, "r2": 0, "mann-w": 1.133674452914857e-39, "uplift": 75.24095736014262, "mds": 0, "mean_pred": 0.5016202888978856, "mean_true": 0.0065794070046675925}, "validation": {"cor": NaN, "r2": 0, "mann-w": 4.368188326380803e-14, "uplift": 52.997303788126644, "mds": 0, "mean_pred": 0.5016202888978856, "mean_true": 0.009289728443963268}, "train.accumulative": {"cor": 0.3621865968899308, "r2": 0, "mann-w": 5.798784270430721e-35, "uplift": 75.2409261749895, "mds": 0, "mean_pred": 0.5016200837180707, "mean_true": 0.0065794070046675925}, "validation.accumulative": {"cor": -0.09590714642791417, "r2": 0, "mann-w": 1.5052013618573488e-12, "uplift": 52.99726559384295, "mds": 0, "mean_pred": 0.5016199340833619, "mean_true": 0.009289728443963268}}