{"train": {"cor": NaN, "r2": 0, "mann-w": 1.5577498888074967e-24, "uplift": -0.2688996949132986, "mds": 0.7311003050867013, "mean_pred": 0.7310435481139022, "mean_true": 0.9999223677347632}, "validation": {"cor": NaN, "r2": 0, "mann-w": 3.6103362578641035e-09, "uplift": -0.2688903037360445, "mds": 0.7311096962639555, "mean_pred": 0.7310435481139022, "mean_true": 0.999909523631828}}