{"train": {"cor": 0.5992835561470014, "r2": 0, "mann-w": 1.2503302839164545e-56, "uplift": 8475.633471122885, "mds": 0, "mean_pred": 0.5000963699773631, "mean_true": 5.899705014744683e-05}, "validation": {"cor": 0.2985048788511449, "r2": 0, "mann-w": 8.624633974162702e-25, "uplift": 8476.87492898491, "mds": 0, "mean_pred": 0.500169612329105, "mean_true": 5.899705014744683e-05}, "train.accumulative": {"cor": 0.5992835561470014, "r2": 0, "mann-w": 1.2503302839164545e-56, "uplift": 8475.633471122885, "mds": 0, "mean_pred": 0.5000963699773631, "mean_true": 5.899705014744683e-05}, "validation.accumulative": {"cor": 0.2985048788511449, "r2": 0, "mann-w": 8.624633974162702e-25, "uplift": 8476.87492898491, "mds": 0, "mean_pred": 0.500169612329105, "mean_true": 5.899705014744683e-05}}