{"train": {"cor": NaN, "r2": 0, "mann-w": 2.253112435493767e-136, "uplift": -0.26505617545240745, "mds": 0.7349438245475926, "mean_pred": 0.72967759503539, "mean_true": 0.9928345142359087}, "validation": {"cor": NaN, "r2": 0, "mann-w": 1.1322300272357883e-45, "uplift": -0.26622785021361794, "mds": 0.733772149786382, "mean_pred": 0.72967759503539, "mean_true": 0.9944198553294996}}