{"train": {"cor": NaN, "r2": 0, "mann-w": 5.901906940411454e-23, "uplift": 8474.249999999927, "mds": 0, "mean_pred": 0.5000147492625326, "mean_true": 5.899705014749263e-05}, "validation": {"cor": NaN, "r2": 0, "mann-w": 1.666081575973027e-09, "uplift": 8474.249999999927, "mds": 0, "mean_pred": 0.5000147492625326, "mean_true": 5.899705014749263e-05}, "train.accumulative": {"cor": -0.4544736112295902, "r2": 0, "mann-w": 1.3035176940322977e-20, "uplift": 8474.249970502271, "mds": 0, "mean_pred": 0.5000147475222579, "mean_true": 5.899705014749263e-05}, "validation.accumulative": {"cor": 0.18186720346872454, "r2": 0, "mann-w": 1.739098433590248e-08, "uplift": 8474.246121337525, "mds": 0, "mean_pred": 0.5000145204328923, "mean_true": 5.899705014749263e-05}}