{"train": {"cor": 0.46554841841260586, "r2": 0, "mann-w": 1.3000997737511912e-96, "uplift": -0.258825347388298, "mds": 0.741174652611702, "mean_pred": 0.7293826758558398, "mean_true": 0.9840901510672142}, "validation": {"cor": 0.4046855010965059, "r2": 0, "mann-w": 1.5093246709678677e-40, "uplift": -0.26164733109551824, "mds": 0.7383526689044817, "mean_pred": 0.7297157028262056, "mean_true": 0.9883023838850733}}