{"train": {"cor": 0.19503077360317111, "r2": 0, "mann-w": 6.246828973294035e-67, "uplift": -0.25107982848873206, "mds": 0.7489201715112679, "mean_pred": 0.7295654651554453, "mean_true": 0.9741565161520938}, "validation": {"cor": -0.015903173959141204, "r2": 0, "mann-w": 1.9370188597304363e-25, "uplift": -0.2541184313392046, "mds": 0.7458815686607954, "mean_pred": 0.7287692769892452, "mean_true": 0.9770576289982943}, "train.accumulative": {"cor": 0.0041770576917601445, "r2": 0, "mann-w": 6.246828973294035e-67, "uplift": -0.4213408925470235, "mds": 0.5786591074529766, "mean_pred": 0.5637045401560716, "mean_true": 0.9741565161520938}, "validation.accumulative": {"cor": -0.010534717380415856, "r2": 0, "mann-w": 1.9370188597304363e-25, "uplift": -0.4205207977813162, "mds": 0.5794792022186839, "mean_pred": 0.5661845753736103, "mean_true": 0.9770576289982943}}