{"train": {"cor": 0.766524958764569, "r2": 0, "mann-w": 3.2558734100313643e-22, "uplift": -0.2689119415180526, "mds": 0.7310880584819475, "mean_pred": 0.7310449264430989, "mean_true": 0.9999410029498526}, "validation": {"cor": 0.7446952147931591, "r2": 0, "mann-w": 2.423255094349979e-08, "uplift": -0.26891206489831215, "mds": 0.7310879351016879, "mean_pred": 0.7310448030701184, "mean_true": 0.9999410029498526}}