{"train": {"cor": 0.520454883481792, "r2": 0, "mann-w": 3.323538802548775e-15, "uplift": -0.2575173822523347, "mds": 0.7424826177476653, "mean_pred": 0.7282947485326234, "mean_true": 0.9808913112901134}, "validation": {"cor": -0.5400498977460672, "r2": 0, "mann-w": 6.236676421732552e-05, "uplift": -0.2619917187120356, "mds": 0.7380082812879645, "mean_pred": 0.7251911715656391, "mean_true": 0.982632837534076}, "train.accumulative": {"cor": 0.3123777620146424, "r2": 0, "mann-w": 3.323538802548775e-15, "uplift": -0.2789380186000553, "mds": 0.7210619813999447, "mean_pred": 0.7072834324568391, "mean_true": 0.9808913112901134}, "validation.accumulative": {"cor": 0.03125979759275171, "r2": 0, "mann-w": 6.236676421732552e-05, "uplift": -0.2706703127668428, "mds": 0.7293296872331572, "mean_pred": 0.7166633000637574, "mean_true": 0.982632837534076}}