{"train": {"cor": NaN, "r2": 0, "mann-w": 1.5625421283327497e-27, "uplift": -0.2585739783049516, "mds": 0.7414260216950483, "mean_pred": 0.727294784855578, "mean_true": 0.9809404628027978}, "validation": {"cor": NaN, "r2": 0, "mann-w": 4.3840453266690285e-10, "uplift": -0.2726623043659186, "mds": 0.7273376956340813, "mean_pred": 0.727294784855578, "mean_true": 0.9999410029498526}, "train.accumulative": {"cor": -0.3833661072434641, "r2": 0, "mann-w": 2.6372692499662205e-24, "uplift": -0.4238491210897709, "mds": 0.5761508789102291, "mean_pred": 0.5651697098024389, "mean_true": 0.9809404628027978}, "validation.accumulative": {"cor": 0.029304445361502136, "r2": 0, "mann-w": 5.1218595271517885e-09, "uplift": -0.42826932584760696, "mds": 0.5717306741523931, "mean_pred": 0.5716969437291393, "mean_true": 0.9999410029498526}}