{"train": {"cor": NaN, "r2": 0, "mann-w": 2.1060280038142535e-46, "uplift": -0.2537741365592767, "mds": 0.7462258634407233, "mean_pred": 0.7255858119790074, "mean_true": 0.9723407449769322}, "validation": {"cor": NaN, "r2": 0, "mann-w": 9.829142501395397e-17, "uplift": -0.25198851114871, "mds": 0.74801148885129, "mean_pred": 0.7255858119790074, "mean_true": 0.9700196090480891}, "train.accumulative": {"cor": -0.1765333099490038, "r2": 0, "mann-w": 7.391302860641438e-41, "uplift": -0.44087825774810796, "mds": 0.559121742251892, "mean_pred": 0.543656851394005, "mean_true": 0.9723407449769322}, "validation.accumulative": {"cor": 0.02155647791095079, "r2": 0, "mann-w": 7.172897469118582e-15, "uplift": -0.4254692501540412, "mds": 0.5745307498459589, "mean_pred": 0.5573060933516825, "mean_true": 0.9700196090480891}}