{"train": {"cor": NaN, "r2": 0, "mann-w": 2.808043696275809e-27, "uplift": -0.26453000977702706, "mds": 0.7354699902229729, "mean_pred": 0.7295161979300138, "mean_true": 0.9919047787508581}, "validation": {"cor": NaN, "r2": 0, "mann-w": 6.822885299629694e-10, "uplift": -0.26533384743768995, "mds": 0.73466615256231, "mean_pred": 0.7295161979300138, "mean_true": 0.9929900749961943}}