{"train": {"cor": 0.795536264388904, "r2": 0, "mann-w": 1.1329049469057616e-09, "uplift": 1.2400684820402765, "mds": 0, "mean_pred": 0.5438781845158063, "mean_true": 0.2427953381230723}, "validation": {"cor": 0.39155125800561735, "r2": 0, "mann-w": 0.001867902707737631, "uplift": 1.4382805897894608, "mds": 0, "mean_pred": 0.5480314604200291, "mean_true": 0.2247614416138014}, "train.accumulative": {"cor": 0.795536264388904, "r2": 0, "mann-w": 1.1329049469057616e-09, "uplift": 1.2400684820402765, "mds": 0, "mean_pred": 0.5438781845158063, "mean_true": 0.2427953381230723}, "validation.accumulative": {"cor": 0.39155125800561735, "r2": 0, "mann-w": 0.001867902707737631, "uplift": 1.4382805897894608, "mds": 0, "mean_pred": 0.5480314604200291, "mean_true": 0.2247614416138014}}