{"train": {"cor": 0.2614550710047355, "r2": 0, "mann-w": 1.920480952954471e-21, "uplift": 8474.712799142886, "mds": 0, "mean_pred": 0.5000420530463898, "mean_true": 5.899705014744683e-05}, "validation": {"cor": 0.08117915497913211, "r2": 0, "mann-w": 2.608125631257483e-07, "uplift": 8474.360282578331, "mds": 0, "mean_pred": 0.5000212556089529, "mean_true": 5.899705014744683e-05}, "train.accumulative": {"cor": 0.2614550710047355, "r2": 0, "mann-w": 1.920480952954471e-21, "uplift": 8474.712799142886, "mds": 0, "mean_pred": 0.5000420530463898, "mean_true": 5.899705014744683e-05}, "validation.accumulative": {"cor": 0.08117915497913211, "r2": 0, "mann-w": 2.608125631257483e-07, "uplift": 8474.360282578331, "mds": 0, "mean_pred": 0.5000212556089529, "mean_true": 5.899705014744683e-05}}