{"train": {"cor": NaN, "r2": 0, "mann-w": 1.0907877698125306e-23, "uplift": 78.55949859988483, "mds": 0, "mean_pred": 0.5014645700490425, "mean_true": 0.006303013202370388}, "validation": {"cor": NaN, "r2": 0, "mann-w": 3.6103362578641035e-09, "uplift": 67.50194825027828, "mds": 0, "mean_pred": 0.5014645700490425, "mean_true": 0.0073204424524817135}, "train.accumulative": {"cor": 0.3588462939654449, "r2": 0, "mann-w": 2.5481894560921316e-21, "uplift": 78.55944377076128, "mds": 0, "mean_pred": 0.5014642244603529, "mean_true": 0.006303013202370388}, "validation.accumulative": {"cor": 0.297161549998922, "r2": 0, "mann-w": 3.138531203272827e-08, "uplift": 67.49882107753359, "mds": 0, "mean_pred": 0.5014416777609261, "mean_true": 0.0073204424524817135}}