{"train": {"cor": 0.5584837419887625, "r2": 0, "mann-w": 0.0018792224833787986, "uplift": 0.07892943197116499, "mds": 0.921070568028835, "mean_pred": 0.6415506257833476, "mean_true": 0.5946177820093923}, "validation": {"cor": 0.5605709809330671, "r2": 0, "mann-w": 0.003763025605524911, "uplift": 0.11049149121982943, "mds": 0.8895085087801706, "mean_pred": 0.6403385283443044, "mean_true": 0.5766262356867937}}