{"train": {"cor": NaN, "r2": 0, "mann-w": 1.4870211357552903e-25, "uplift": 8474.249999999927, "mds": 0, "mean_pred": 0.5000147492625326, "mean_true": 5.899705014749263e-05}, "validation": {"cor": NaN, "r2": 0, "mann-w": 5.526190683365762e-10, "uplift": 8474.249999999927, "mds": 0, "mean_pred": 0.5000147492625326, "mean_true": 5.899705014749263e-05}, "train.accumulative": {"cor": 0.037297951126540344, "r2": 0, "mann-w": 8.636346143504971e-23, "uplift": 8474.24995575475, "mds": 0, "mean_pred": 0.5000147466521977, "mean_true": 5.899705014749263e-05}, "validation.accumulative": {"cor": 0.20733261991904778, "r2": 0, "mann-w": 7.57470248802852e-09, "uplift": 8474.24610681709, "mds": 0, "mean_pred": 0.5000145195762296, "mean_true": 5.899705014749263e-05}}