{"train": {"cor": NaN, "r2": 0, "mann-w": 1.133674452914857e-39, "uplift": -0.2653842691340488, "mds": 0.7346157308659512, "mean_pred": 0.7297823949805528, "mean_true": 0.9934205929953324}, "validation": {"cor": NaN, "r2": 0, "mann-w": 4.368188326380803e-14, "uplift": -0.26337455466739385, "mds": 0.7366254453326062, "mean_pred": 0.7297823949805528, "mean_true": 0.9907102715560367}}