{"train": {"cor": 0.5488066451844534, "r2": 0, "mann-w": 4.044002282684837e-40, "uplift": 16.80705360897506, "mds": 0, "mean_pred": 0.5065491932932462, "mean_true": 0.028446547329870266}, "validation": {"cor": 0.05776324154105532, "r2": 0, "mann-w": 6.133325067881898e-16, "uplift": 29.429207410173788, "mds": 0, "mean_pred": 0.5005134442988741, "mean_true": 0.01644845485300189}, "train.accumulative": {"cor": 0.5789114831983616, "r2": 0, "mann-w": 4.800335706178744e-40, "uplift": 16.67185825070651, "mds": 0, "mean_pred": 0.5027033521354811, "mean_true": 0.028446547329870266}, "validation.accumulative": {"cor": 0.02659884275969559, "r2": 0, "mann-w": 6.133325067881898e-16, "uplift": 29.406871720919213, "mds": 0, "mean_pred": 0.5001460567225595, "mean_true": 0.01644845485300189}}