{"train": {"cor": 0.775131629135508, "r2": 0, "mann-w": 8.199963833749255e-23, "uplift": 8474.250000006507, "mds": 0, "mean_pred": 0.5000147492625326, "mean_true": 5.899705014744683e-05}, "validation": {"cor": 0.4962834513250873, "r2": 0, "mann-w": 9.674075437306028e-09, "uplift": 8489.592415830371, "mds": 0, "mean_pred": 0.5009199065382761, "mean_true": 5.899705014744683e-05}, "train.accumulative": {"cor": 0.775131629135508, "r2": 0, "mann-w": 8.199963833749255e-23, "uplift": 8474.250000006507, "mds": 0, "mean_pred": 0.5000147492625326, "mean_true": 5.899705014744683e-05}, "validation.accumulative": {"cor": 0.4962834513250873, "r2": 0, "mann-w": 9.674075437306028e-09, "uplift": 8489.592415830371, "mds": 0, "mean_pred": 0.5009199065382761, "mean_true": 5.899705014744683e-05}}