{"train": {"cor": 0.5445245500057871, "r2": 0, "mann-w": 2.6071084239973195e-54, "uplift": 2.514071775239926, "mds": 0, "mean_pred": 0.5190599819264815, "mean_true": 0.14770898693184556}, "validation": {"cor": 0.5620760933345323, "r2": 0, "mann-w": 3.114021544895182e-19, "uplift": 4.044435272481098, "mds": 0, "mean_pred": 0.5147920993545894, "mean_true": 0.10205148278201409}, "train.accumulative": {"cor": 0.5360495208998952, "r2": 0, "mann-w": 3.706823927273162e-54, "uplift": 2.5061045392074206, "mds": 0, "mean_pred": 0.5178831495634733, "mean_true": 0.14770898693184556}, "validation.accumulative": {"cor": 0.47716177630644924, "r2": 0, "mann-w": 3.3564454807318333e-19, "uplift": 4.04347048651648, "mds": 0, "mean_pred": 0.5146936415163328, "mean_true": 0.10205148278201409}}