{"train": {"cor": 0.6463281735567161, "r2": 0, "mann-w": 9.567652375794363e-38, "uplift": 1.8484767108035658, "mds": 0, "mean_pred": 0.5452397561270054, "mean_true": 0.19141450377987862}, "validation": {"cor": 0.12584565854014124, "r2": 0, "mann-w": 1.0724289198142093e-11, "uplift": 1.084359879777192, "mds": 0, "mean_pred": 0.5318849818692819, "mean_true": 0.2551790537851543}, "train.accumulative": {"cor": 0.6463281735567162, "r2": 0, "mann-w": 1.038678292898057e-37, "uplift": 1.8464138380555106, "mds": 0, "mean_pred": 0.5448448923635754, "mean_true": 0.19141450377987862}, "validation.accumulative": {"cor": 0.1258456585401412, "r2": 0, "mann-w": 1.1429059977539088e-11, "uplift": 1.0832662932632704, "mds": 0, "mean_pred": 0.5316059214974271, "mean_true": 0.2551790537851543}}