{"train": {"cor": 0.7751316291355081, "r2": 0, "mann-w": 2.912566748029284e-20, "uplift": -0.26890988889225365, "mds": 0.7310901111077464, "mean_pred": 0.731046978947799, "mean_true": 0.9999410029498526}, "validation": {"cor": 0.4962834513250873, "r2": 0, "mann-w": 1.4846597973944684e-06, "uplift": -0.26962240527237047, "mds": 0.7303775947276295, "mean_pred": 0.7303345046040468, "mean_true": 0.9999410029498526}}