{"train": {"cor": NaN, "r2": 0, "mann-w": 1.88434589788679e-26, "uplift": -0.26890988889225365, "mds": 0.7310901111077464, "mean_pred": 0.731046978947799, "mean_true": 0.9999410029498526}, "validation": {"cor": NaN, "r2": 0, "mann-w": 1.4356221745034018e-09, "uplift": -0.268713506827126, "mds": 0.731286493172874, "mean_pred": 0.731046978947799, "mean_true": 0.9996724755245571}}