{"train": {"cor": 0.6532902185814506, "r2": 0, "mann-w": 6.623023343659655e-30, "uplift": 72.99166011788355, "mds": 0, "mean_pred": 0.501410294872524, "mean_true": 0.006776578523494091}, "validation": {"cor": 0.10487838901928166, "r2": 0, "mann-w": 3.0759496440826603e-11, "uplift": 110.56315415898288, "mds": 0, "mean_pred": 0.5005632376495327, "mean_true": 0.0044868150369449565}, "train.accumulative": {"cor": 0.6738020178511424, "r2": 0, "mann-w": 7.076656521925578e-30, "uplift": 72.98186222567944, "mds": 0, "mean_pred": 0.5013438986866381, "mean_true": 0.006776578523494091}, "validation.accumulative": {"cor": -0.02905455056178565, "r2": 0, "mann-w": 3.067663140169577e-11, "uplift": 110.45353404650236, "mds": 0, "mean_pred": 0.5000713924805035, "mean_true": 0.0044868150369449565}}