{"train": {"cor": NaN, "r2": 0, "mann-w": 3.2052824526152216e-143, "uplift": 1209.5182031973577, "mds": 0, "mean_pred": 0.5001017924478218, "mean_true": 0.00041313033635256076}, "validation": {"cor": NaN, "r2": 0, "mann-w": 1.6453376057816114e-49, "uplift": 1433.7743532970458, "mds": 0, "mean_pred": 0.5001017924478218, "mean_true": 0.0003485578002552184}, "train.accumulative": {"cor": -0.007772107323681288, "r2": 0, "mann-w": 1.6633725869113383e-125, "uplift": 1209.51814882697, "mds": 0, "mean_pred": 0.5001017699857653, "mean_true": 0.00041313033635256076}, "validation.accumulative": {"cor": -0.11511708293535501, "r2": 0, "mann-w": 1.5926912500227427e-43, "uplift": 1433.7742712688007, "mds": 0, "mean_pred": 0.5001017638562372, "mean_true": 0.0003485578002552184}}