{"train": {"cor": NaN, "r2": 0, "mann-w": 2.1105131049529573e-77, "uplift": 50.955721895388095, "mds": 0, "mean_pred": 0.5023797774359144, "mean_true": 0.009669383065207851}, "validation": {"cor": NaN, "r2": 0, "mann-w": 2.8098302080864273e-27, "uplift": 55.86027021037996, "mds": 0, "mean_pred": 0.5023797774359144, "mean_true": 0.008835339254933825}, "train.accumulative": {"cor": NaN, "r2": 0, "mann-w": 2.1105131049529573e-77, "uplift": 50.95570737556531, "mds": 0, "mean_pred": 0.5023796370381859, "mean_true": 0.009669383065207851}, "validation.accumulative": {"cor": NaN, "r2": 0, "mann-w": 2.8098302080864273e-27, "uplift": 55.86025431990598, "mds": 0, "mean_pred": 0.5023796370381859, "mean_true": 0.008835339254933825}}