{"train": {"cor": 0.19503077360316423, "r2": 0, "mann-w": 2.2049547294934225e-67, "uplift": 18.420571582771675, "mds": 0, "mean_pred": 0.5018952280164676, "mean_true": 0.025843483847906284}, "validation": {"cor": -0.015903173959139257, "r2": 0, "mann-w": 1.9370188597304363e-25, "uplift": 20.920276281172885, "mds": 0, "mean_pred": 0.5029031109025587, "mean_true": 0.02294237100170573}, "train.accumulative": {"cor": 0.07761421761511497, "r2": 0, "mann-w": 4.4359547275363974e-67, "uplift": 18.362409358641507, "mds": 0, "mean_pred": 0.5003921135166013, "mean_true": 0.025843483847906284}, "validation.accumulative": {"cor": -0.07301470810763655, "r2": 0, "mann-w": 1.9370188597304363e-25, "uplift": 20.82435714760217, "mds": 0, "mean_pred": 0.5007024985540172, "mean_true": 0.02294237100170573}}