{"train": {"cor": 0.4923732802594709, "r2": 0, "mann-w": 3.1049577638313492e-121, "uplift": 22.218023708041905, "mds": 0, "mean_pred": 0.5044524491675243, "mean_true": 0.021726760878136228}, "validation": {"cor": 0.21246431864520943, "r2": 0, "mann-w": 7.663110397819926e-42, "uplift": 19.497260890606817, "mds": 0, "mean_pred": 0.5036353519283399, "mean_true": 0.024570861180731637}, "train.accumulative": {"cor": 0.4917257697167215, "r2": 0, "mann-w": 3.1049577638313492e-121, "uplift": 22.218021660333065, "mds": 0, "mean_pred": 0.504452404677444, "mean_true": 0.021726760878136228}, "validation.accumulative": {"cor": 0.21757653844952884, "r2": 0, "mann-w": 7.663110397819926e-42, "uplift": 19.497170083617462, "mds": 0, "mean_pred": 0.5036331207224102, "mean_true": 0.024570861180731637}}