{"train": {"cor": 0.6072210640529084, "r2": 0, "mann-w": 8.841559750111611e-66, "uplift": 0.9495060447854538, "mds": 0.05049395521454625, "mean_pred": 0.5704857383042449, "mean_true": 0.29263091531836094}, "validation": {"cor": 0.4277725815940755, "r2": 0, "mann-w": 5.321056502640177e-23, "uplift": 1.4408365500050861, "mds": 0, "mean_pred": 0.5677261539561135, "mean_true": 0.23259490847714914}, "train.accumulative": {"cor": 0.2843487878509907, "r2": 0, "mann-w": 2.2435738780299357e-51, "uplift": 0.7984854132031405, "mds": 0.20151458679685952, "mean_pred": 0.5262924326523556, "mean_true": 0.29263091531836094}, "validation.accumulative": {"cor": 0.3009352007738007, "r2": 0, "mann-w": 8.026259601927886e-19, "uplift": 1.2552238280334298, "mds": 0, "mean_pred": 0.5245535798769215, "mean_true": 0.23259490847714914}}