{"train": {"cor": NaN, "r2": 0, "mann-w": 9.225930634287894e-20, "uplift": 46.242439823267546, "mds": 0, "mean_pred": 0.5026599771142176, "mean_true": 0.010640008835162886}, "validation": {"cor": NaN, "r2": 0, "mann-w": 1.4028974968562675e-07, "uplift": 33.31698443921897, "mds": 0, "mean_pred": 0.5026599771142176, "mean_true": 0.014647556751512105}, "train.accumulative": {"cor": 0.3077673262933926, "r2": 0, "mann-w": 1.7839449918859475e-18, "uplift": 46.24220706808366, "mds": 0, "mean_pred": 0.5026575005970046, "mean_true": 0.010640008835162886}, "validation.accumulative": {"cor": 0.18068773230645568, "r2": 0, "mann-w": 7.724550868747958e-07, "uplift": 33.31670074036525, "mds": 0, "mean_pred": 0.5026558216191575, "mean_true": 0.014647556751512105}}