{"train": {"cor": NaN, "r2": 0, "mann-w": 9.431465086813198e-51, "uplift": -0.2685622278003631, "mds": 0.7314377721996369, "mean_pred": 0.7309241959031046, "mean_true": 0.9992978537395084}, "validation": {"cor": NaN, "r2": 0, "mann-w": 6.012130777073655e-19, "uplift": -0.2690326791812129, "mds": 0.7309673208187871, "mean_pred": 0.7309241959031046, "mean_true": 0.9999410029498526}}