{"train": {"cor": 0.6970915928288824, "r2": 0, "mann-w": 0.3795296357918829, "uplift": 0.005375261906354907, "mds": 0.994624738093645, "mean_pred": 0.663243223238307, "mean_true": 0.6596971781269911}, "validation": {"cor": 0.36094996247987576, "r2": 0, "mann-w": 0.2297331259419328, "uplift": -0.03274435709326728, "mds": 0.9672556429067327, "mean_pred": 0.6639929741527456, "mean_true": 0.6864710265813057}}