{"train": {"cor": 0.4793729647552789, "r2": 0, "mann-w": 0.0, "uplift": -0.2653662413729395, "mds": 0.7346337586270605, "mean_pred": 0.7301004250584447, "mean_true": 0.9938291243556681}, "validation": {"cor": 0.4749637312226768, "r2": 0, "mann-w": 0.0, "uplift": -0.26566743894819134, "mds": 0.7343325610518087, "mean_pred": 0.7301337073727683, "mean_true": 0.9942820815775536}}