{"train": {"cor": 0.2898728421418175, "r2": 0, "mann-w": 0.0, "uplift": 23.050176993258802, "mds": 0, "mean_pred": 0.5018540868685675, "mean_true": 0.02086696023107172}, "validation": {"cor": 0.2853282044642701, "r2": 0, "mann-w": 0.0, "uplift": 24.409765065615023, "mds": 0, "mean_pred": 0.5017905237456355, "mean_true": 0.019747940307589383}, "train.accumulative": {"cor": 0.2423465967170255, "r2": 0, "mann-w": 0.0, "uplift": 23.00313053085221, "mds": 0, "mean_pred": 0.5008723702085165, "mean_true": 0.02086696023107172}, "validation.accumulative": {"cor": 0.23368425611235183, "r2": 0, "mann-w": 0.0, "uplift": 24.364239590046758, "mds": 0, "mean_pred": 0.5008914893716387, "mean_true": 0.019747940307589383}}