{"train": {"cor": 0.3138366208143207, "r2": 0, "mann-w": 5.7059954946470505e-93, "uplift": -0.2578123859625209, "mds": 0.7421876140374791, "mean_pred": 0.7304664896156432, "mean_true": 0.9842073295213412}, "validation": {"cor": 0.17067036256865267, "r2": 0, "mann-w": 8.579649839983133e-33, "uplift": -0.257832819484975, "mds": 0.742167180515025, "mean_pred": 0.7304349013536633, "mean_true": 0.9841918647585304}, "train.accumulative": {"cor": -0.1994353366562013, "r2": 0, "mann-w": 2.9272113027874604e-95, "uplift": -0.3927952625772316, "mds": 0.6072047374227685, "mean_pred": 0.5976153530915701, "mean_true": 0.9842073295213412}, "validation.accumulative": {"cor": -0.1545429897139986, "r2": 0, "mann-w": 5.4536157905654625e-33, "uplift": -0.3903269158990881, "mds": 0.6096730841009119, "mean_pred": 0.6000352895343608, "mean_true": 0.9841918647585304}}