	Estimate	p-value
ELAVL1	-0.9969659107395277	0.0
RC3H1	-0.31003314368155444	0.0
CELF2	-1.3763060484775296	0.0
ERI1	0.3849385496804266	0.0
CSTF2	0.6603079132670077	0.0
RAVER1	1.595998539331524	0.0
RALY	-1.0380301424253235	0.0
RBM6	-0.49627896944748423	0.0
TUT1	-3.0192910801897708	0.0
PABPC1	-0.4709288846160768	0.0
DDX58	1.5915183940839186	0.0
HNRNPLL	-1.2848563820322774	0.0
(Intercept)	25.853050113990072	0.0
