{"train": {"cor": 0.7511059506264889, "r2": 0, "mann-w": 4.289824338236175e-11, "uplift": -0.2686893353375568, "mds": 0.7313106646624432, "mean_pred": 0.7309658712720616, "mean_true": 0.9995285267847956}, "validation": {"cor": -0.09101905816033415, "r2": 0, "mann-w": 0.14643907912623438, "uplift": -0.10127109026424154, "mds": 0.8987289097357585, "mean_pred": 0.7308271678974556, "mean_true": 0.8131786570795093}}