{"train": {"cor": 0.9160639953801107, "r2": 0, "mann-w": 1.6903077691454267e-44, "uplift": 0.9125440758066936, "mds": 0.08745592419330639, "mean_pred": 0.5702533598991254, "mean_true": 0.29816481989237176}, "validation": {"cor": 0.7067749428182183, "r2": 0, "mann-w": 1.0401115325458054e-15, "uplift": 1.2286055908683011, "mds": 0, "mean_pred": 0.559809952097689, "mean_true": 0.2511929227816295}}