	Estimate	p-value
ESRP1	0.5680122491010388	0.0
NOVA1	-0.309016259589059	0.0
RBMS1	0.3842561961064753	0.0
IGF2BP2	0.11873974541165956	0.0
CELF4	-0.21867757101642343	0.0
SNRPB2	-0.3448078908332943	0.0
ZFP36	0.09871532350711368	0.0
MSI1	0.14108016601946402	0.0
(Intercept)	-5.455398990576985	0.0
