{"train": {"cor": 0.8233370197124457, "r2": 0, "mann-w": 4.2000764399742745e-45, "uplift": 5.86630963785784, "mds": 0, "mean_pred": 0.5187349782987234, "mean_true": 0.07554785695049998}, "validation": {"cor": 0.5716567805860906, "r2": 0, "mann-w": 6.445429918853508e-15, "uplift": 5.859359991129962, "mds": 0, "mean_pred": 0.5180553607427887, "mean_true": 0.0755253203524383}, "train.accumulative": {"cor": 0.8229080879539495, "r2": 0, "mann-w": 4.2000764399742745e-45, "uplift": 5.862846894707894, "mds": 0, "mean_pred": 0.518473375474575, "mean_true": 0.07554785695049998}, "validation.accumulative": {"cor": 0.5751782377241272, "r2": 0, "mann-w": 6.445429918853508e-15, "uplift": 5.8567616702795355, "mds": 0, "mean_pred": 0.5178591217281818, "mean_true": 0.0755253203524383}}