{"train": {"cor": NaN, "r2": 0, "mann-w": 2.1060280038142535e-46, "uplift": 17.327115915722672, "mds": 0, "mean_pred": 0.5069143729502973, "mean_true": 0.027659255023067753}, "validation": {"cor": NaN, "r2": 0, "mann-w": 9.829142501395397e-17, "uplift": 15.908197553640939, "mds": 0, "mean_pred": 0.5069143729502973, "mean_true": 0.02998039095191081}, "train.accumulative": {"cor": 0.17653330994900224, "r2": 0, "mann-w": 7.391302860641438e-41, "uplift": 17.122145098750384, "mds": 0, "mean_pred": 0.5012450328513742, "mean_true": 0.027659255023067753}, "validation.accumulative": {"cor": -0.021556477910950826, "r2": 0, "mann-w": 7.172897469118582e-15, "uplift": 15.73218077614496, "mds": 0, "mean_pred": 0.5016373211468723, "mean_true": 0.02998039095191081}}