{"train": {"cor": 0.7121305645906404, "r2": 0, "mann-w": 0.03649455429995639, "uplift": 0.07209477475040066, "mds": 0.9279052252495994, "mean_pred": 0.6598203432047476, "mean_true": 0.6154496400361278}, "validation": {"cor": 0.4905886002326859, "r2": 0, "mann-w": 0.20090575855355475, "uplift": 0.04403930747424858, "mds": 0.9559606925257514, "mean_pred": 0.668173832226928, "mean_true": 0.6399891531319655}}