{"train": {"cor": 0.5715333570166335, "r2": 0, "mann-w": 0.0004375618589664268, "uplift": -0.05977551950651023, "mds": 0.9402244804934897, "mean_pred": 0.6740271387393035, "mean_true": 0.7168789504241914}, "validation": {"cor": 0.26795313901697043, "r2": 0, "mann-w": 2.9074128081420293e-05, "uplift": -0.11056418278713855, "mds": 0.8894358172128615, "mean_pred": 0.6762554804203141, "mean_true": 0.7603195951107863}}