{"train": {"cor": 0.8102168145946373, "r2": 0, "mann-w": 2.229361867299091e-21, "uplift": 0.31623454541301493, "mds": 0.6837654545869851, "mean_pred": 0.6149169927470474, "mean_true": 0.4671788891197165}, "validation": {"cor": 0.662209928945027, "r2": 0, "mann-w": 7.725682650804858e-07, "uplift": 0.29047915244841316, "mds": 0.7095208475515868, "mean_pred": 0.6191840478040965, "mean_true": 0.47980941546349265}}