{"train": {"cor": NaN, "r2": 0, "mann-w": 7.673217267982916e-15, "uplift": 94.8909877655893, "mds": 0, "mean_pred": 0.5013069680424822, "mean_true": 0.005227884076738829}, "validation": {"cor": NaN, "r2": 0, "mann-w": 1.2688441464183377e-05, "uplift": 106.95185583350661, "mds": 0, "mean_pred": 0.5013069680424822, "mean_true": 0.004643801296159692}, "train.accumulative": {"cor": 0.1160765454942333, "r2": 0, "mann-w": 2.764724267820249e-13, "uplift": 94.89085515588245, "mds": 0, "mean_pred": 0.5013062747743073, "mean_true": 0.005227884076738829}, "validation.accumulative": {"cor": 0.19834431411727965, "r2": 0, "mann-w": 4.056903705106924e-05, "uplift": 106.95150808338566, "mds": 0, "mean_pred": 0.5013053531600198, "mean_true": 0.004643801296159692}}