{"train": {"cor": NaN, "r2": 0, "mann-w": 7.673217267982916e-15, "uplift": -0.24868932738971233, "mds": 0.7513106726102876, "mean_pred": 0.723798154090612, "mean_true": 0.9633806366358558}, "validation": {"cor": NaN, "r2": 0, "mann-w": 1.2764943055557748e-05, "uplift": -0.24010732964270862, "mds": 0.7598926703572914, "mean_pred": 0.723798154090612, "mean_true": 0.9525005074075682}, "train.accumulative": {"cor": -0.17172700493229223, "r2": 0, "mann-w": 2.764724267820249e-13, "uplift": -0.2522758803280492, "mds": 0.7477241196719508, "mean_pred": 0.7203429384375488, "mean_true": 0.9633806366358558}, "validation.accumulative": {"cor": 0.22399606028402103, "r2": 0, "mann-w": 4.0757680638716086e-05, "uplift": -0.24387605454034797, "mds": 0.756123945459652, "mean_pred": 0.720208441713331, "mean_true": 0.9525005074075682}}