	Estimate	p-value
ESRP1	0.9830461563715308	0.0
ESRP2	1.125411176685784	0.0
IGF2BP2	0.7943198495523249	0.0
CFTR	0.13463010765581307	0.0
(Intercept)	-10.325029747790639	0.0
