{"train": {"cor": 0.7875207684163699, "r2": 0, "mann-w": 0.1350389702891423, "uplift": -0.09490895388443141, "mds": 0.9050910461155686, "mean_pred": 0.626128757920065, "mean_true": 0.6917853851358466}, "validation": {"cor": 0.017674444671174572, "r2": 0, "mann-w": 0.07338667976251333, "uplift": -0.21490895046912592, "mds": 0.785091049530874, "mean_pred": 0.5469490076783761, "mean_true": 0.6966695238790479}, "train.accumulative": {"cor": 0.7452977884048586, "r2": 0, "mann-w": 0.10575106545234442, "uplift": -0.10235191678248796, "mds": 0.897648083217512, "mean_pred": 0.6209798249650811, "mean_true": 0.6917853851358466}, "validation.accumulative": {"cor": 0.027836111453029583, "r2": 0, "mann-w": 0.07338667976251333, "uplift": -0.21603489655654715, "mds": 0.7839651034434528, "mean_pred": 0.5461645953537388, "mean_true": 0.6966695238790479}}