{"train": {"cor": 0.45167891507692126, "r2": 0, "mann-w": 1.8128448526822722e-250, "uplift": 8474.523190967928, "mds": 0, "mean_pred": 0.5000308667233834, "mean_true": 5.899705014744683e-05}, "validation": {"cor": 0.4532922115773224, "r2": 0, "mann-w": 4.707023446538896e-89, "uplift": 8474.527026330381, "mds": 0, "mean_pred": 0.5000310929984544, "mean_true": 5.899705014744683e-05}, "train.accumulative": {"cor": 0.45167891507692126, "r2": 0, "mann-w": 1.8128448526822722e-250, "uplift": 8474.523190967928, "mds": 0, "mean_pred": 0.5000308667233834, "mean_true": 5.899705014744683e-05}, "validation.accumulative": {"cor": 0.4532922115773224, "r2": 0, "mann-w": 4.707023446538896e-89, "uplift": 8474.527026330381, "mds": 0, "mean_pred": 0.5000310929984544, "mean_true": 5.899705014744683e-05}}