{"train": {"cor": NaN, "r2": 0, "mann-w": 5.711999727810776e-20, "uplift": 508.1162650098739, "mds": 0, "mean_pred": 0.5002180253518573, "mean_true": 0.0009825221854622068}, "validation": {"cor": NaN, "r2": 0, "mann-w": 1.3632684769806796e-07, "uplift": 444.38149082035306, "mds": 0, "mean_pred": 0.5002180253518573, "mean_true": 0.001123122616592127}, "train.accumulative": {"cor": 0.307739359831296, "r2": 0, "mann-w": 1.180342555384797e-18, "uplift": 508.11625191820923, "mds": 0, "mean_pred": 0.5002180124890063, "mean_true": 0.0009825221854622068}, "validation.accumulative": {"cor": 0.3065190348504138, "r2": 0, "mann-w": 7.556078756865314e-07, "uplift": 444.3813567270957, "mds": 0, "mean_pred": 0.5002178747486873, "mean_true": 0.001123122616592127}}