{"train": {"cor": NaN, "r2": 0, "mann-w": 7.641494477599142e-138, "uplift": 24.392665378470053, "mds": 0, "mean_pred": 0.5049673304313562, "mean_true": 0.019886346033587646}, "validation": {"cor": NaN, "r2": 0, "mann-w": 1.6447223659666236e-47, "uplift": 25.838809887511914, "mds": 0, "mean_pred": 0.5049673304313562, "mean_true": 0.018814818263097326}, "train.accumulative": {"cor": 0.18370862705787147, "r2": 0, "mann-w": 6.726819343968777e-121, "uplift": 24.389436791139158, "mds": 0, "mean_pred": 0.5049031256264944, "mean_true": 0.019886346033587646}, "validation.accumulative": {"cor": -0.08372249764714516, "r2": 0, "mann-w": 7.897508237295797e-42, "uplift": 25.835933562594633, "mds": 0, "mean_pred": 0.504913212900772, "mean_true": 0.018814818263097326}}