{"train": {"cor": 0.7246173600419435, "r2": 0, "mann-w": 4.1330162127762996e-24, "uplift": 7.025404281108179, "mds": 0, "mean_pred": 0.5160706083484965, "mean_true": 0.0643046244490546}, "validation": {"cor": 0.48603189631936666, "r2": 0, "mann-w": 7.196802703807071e-09, "uplift": 8.767940669616053, "mds": 0, "mean_pred": 0.5154581181064315, "mean_true": 0.05277039813620127}, "train.accumulative": {"cor": 0.7224657667361842, "r2": 0, "mann-w": 4.1330162127762996e-24, "uplift": 7.0234386975277845, "mds": 0, "mean_pred": 0.515944212234536, "mean_true": 0.0643046244490546}, "validation.accumulative": {"cor": 0.4867396584159861, "r2": 0, "mann-w": 7.196802703807071e-09, "uplift": 8.765625608801273, "mds": 0, "mean_pred": 0.515335951425526, "mean_true": 0.05277039813620127}}