{"train": {"cor": 0.2539524250931824, "r2": 0, "mann-w": 4.181724915784261e-67, "uplift": -0.2550508291596212, "mds": 0.7449491708403788, "mean_pred": 0.7300720545224441, "mean_true": 0.9800293538132919}, "validation": {"cor": 0.23024264633525585, "r2": 0, "mann-w": 2.7637373070747953e-24, "uplift": -0.2537323073232973, "mds": 0.7462676926767027, "mean_pred": 0.7306900672690249, "mean_true": 0.9791259549883444}, "train.accumulative": {"cor": -0.30246045431363955, "r2": 0, "mann-w": 2.8322371841875235e-68, "uplift": -0.4264303605907126, "mds": 0.5735696394092874, "mean_pred": 0.5621150830772068, "mean_true": 0.9800293538132919}, "validation.accumulative": {"cor": -0.3082696265491748, "r2": 0, "mann-w": 2.7637373070747953e-24, "uplift": -0.43360432100481006, "mds": 0.5663956789951899, "mean_pred": 0.5545727100974371, "mean_true": 0.9791259549883444}}