{"train": {"cor": NaN, "r2": 0, "mann-w": 1.5577498888074967e-24, "uplift": 6439.867209584879, "mds": 0, "mean_pred": 0.5000191115696316, "mean_true": 7.763226523682025e-05}, "validation": {"cor": NaN, "r2": 0, "mann-w": 3.6103362578641035e-09, "uplift": 5525.516168495753, "mds": 0, "mean_pred": 0.5000191115696316, "mean_true": 9.047636817205413e-05}, "train.accumulative": {"cor": 0.01817127532398031, "r2": 0, "mann-w": 1.119599183820882e-21, "uplift": 6439.867168174274, "mds": 0, "mean_pred": 0.5000191083548327, "mean_true": 7.763226523682025e-05}, "validation.accumulative": {"cor": 0.008807129758240335, "r2": 0, "mann-w": 3.138531203272827e-08, "uplift": 5525.51615053623, "mds": 0, "mean_pred": 0.5000191099447193, "mean_true": 9.047636817205413e-05}}