{"train": {"cor": 0.6601542763622975, "r2": 0, "mann-w": 2.0850360461551946e-118, "uplift": 2.842757858994867, "mds": 0, "mean_pred": 0.5340005619061712, "mean_true": 0.13896284426462596}, "validation": {"cor": 0.4313596155406285, "r2": 0, "mann-w": 1.329751186544004e-38, "uplift": 2.6041618752530225, "mds": 0, "mean_pred": 0.5366022800158837, "mean_true": 0.14888406752768638}, "train.accumulative": {"cor": 0.6444905218924667, "r2": 0, "mann-w": 3.1808284839808244e-118, "uplift": 2.825742304144948, "mds": 0, "mean_pred": 0.5316360320074857, "mean_true": 0.13896284426462596}, "validation.accumulative": {"cor": 0.4446729992907959, "r2": 0, "mann-w": 1.5686319095705275e-38, "uplift": 2.5912466290619025, "mds": 0, "mean_pred": 0.5346794056298283, "mean_true": 0.14888406752768638}}