{"train": {"cor": NaN, "r2": 0, "mann-w": 6.362087143631301e-73, "uplift": 27.48575938996973, "mds": 0, "mean_pred": 0.5043167005870058, "mean_true": 0.01770416907911479}, "validation": {"cor": NaN, "r2": 0, "mann-w": 8.938956740842668e-26, "uplift": 25.633540292943827, "mds": 0, "mean_pred": 0.5043167005870058, "mean_true": 0.018935398562864632}, "train.accumulative": {"cor": 0.07221457408958443, "r2": 0, "mann-w": 4.4663683254588265e-64, "uplift": 27.484630113766695, "mds": 0, "mean_pred": 0.5042967076901703, "mean_true": 0.01770416907911479}, "validation.accumulative": {"cor": 0.5500261056884117, "r2": 0, "mann-w": 8.562973037810145e-23, "uplift": 25.632430691032596, "mds": 0, "mean_pred": 0.5042956898325706, "mean_true": 0.018935398562864632}}