{"train": {"cor": 0.6773352251205165, "r2": 0, "mann-w": 8.486562717415314e-80, "uplift": 0.7371830811672562, "mds": 0.26281691883274383, "mean_pred": 0.576643330615081, "mean_true": 0.3319415995161662}, "validation": {"cor": 0.5639995016045688, "r2": 0, "mann-w": 1.9475709145503369e-35, "uplift": 0.9885429526518128, "mds": 0.0114570473481872, "mean_pred": 0.5753264529816107, "mean_true": 0.28932060643416657}, "train.accumulative": {"cor": 0.6118988470189733, "r2": 0, "mann-w": 9.298157740184315e-67, "uplift": 0.6580354406970123, "mds": 0.34196455930298775, "mean_pred": 0.5503709362394578, "mean_true": 0.3319415995161662}, "validation.accumulative": {"cor": 0.5272254717180832, "r2": 0, "mann-w": 2.4319615100924693e-31, "uplift": 0.9045838400056436, "mds": 0.09541615999435638, "mean_pred": 0.5510353515951465, "mean_true": 0.28932060643416657}}