{"train": {"cor": 0.7952292518882513, "r2": 0, "mann-w": 1.5876545587407115e-12, "uplift": -0.2689276139490582, "mds": 0.7310723860509418, "mean_pred": 0.7310292549367206, "mean_true": 0.9999410029498526}, "validation": {"cor": 0.19647277934954555, "r2": 0, "mann-w": 1.929615389804658e-08, "uplift": -0.4432252368605942, "mds": 0.5567747631394058, "mean_pred": 0.5567419150707841, "mean_true": 0.9999410029498526}}