{"train": {"cor": NaN, "r2": 0, "mann-w": 1.1214556120400402e-51, "uplift": 384.134812494793, "mds": 0, "mean_pred": 0.5003182798922265, "mean_true": 0.0012990731132595053}, "validation": {"cor": NaN, "r2": 0, "mann-w": 1.2459123347594874e-18, "uplift": 371.4882354278083, "mds": 0, "mean_pred": 0.5003182798922265, "mean_true": 0.0013431787431289032}, "train.accumulative": {"cor": 0.12921615358729127, "r2": 0, "mann-w": 1.8005156302420907e-45, "uplift": 384.0916881281752, "mds": 0, "mean_pred": 0.500262258187027, "mean_true": 0.0012990731132595053}, "validation.accumulative": {"cor": 0.1644389279296008, "r2": 0, "mann-w": 1.562275990712155e-16, "uplift": 371.4425571545013, "mds": 0, "mean_pred": 0.5002569258064977, "mean_true": 0.0013431787431289032}}