	Estimate	p-value
ESRP1	0.881235000004331	0.0
(Intercept)	-7.345704420828382	0.0
