{"train": {"cor": 0.5463736525147526, "r2": 0, "mann-w": 3.2836033347955767e-15, "uplift": 58.06160999762873, "mds": 0, "mean_pred": 0.5011936401675304, "mean_true": 0.008485946119444643}, "validation": {"cor": 0.7618336917942876, "r2": 0, "mann-w": 3.7339217844353662e-06, "uplift": 31.825151205576777, "mds": 0, "mean_pred": 0.5029338668958652, "mean_true": 0.015321600919554028}, "train.accumulative": {"cor": 0.5655368786111516, "r2": 0, "mann-w": 3.2836033347955767e-15, "uplift": 58.03610027815673, "mds": 0, "mean_pred": 0.5009771660625689, "mean_true": 0.008485946119444643}, "validation.accumulative": {"cor": 0.7613549673490669, "r2": 0, "mann-w": 3.7339217844353662e-06, "uplift": 31.825051501363145, "mds": 0, "mean_pred": 0.5029323392676939, "mean_true": 0.015321600919554028}}