{"train": {"cor": 0.5673522027734963, "r2": 0, "mann-w": 2.631537852876706e-52, "uplift": 8476.875219582618, "mds": 0, "mean_pred": 0.5001696294735125, "mean_true": 5.899705014744683e-05}, "validation": {"cor": 0.5665785162540057, "r2": 0, "mann-w": 1.2974497538640723e-15, "uplift": 8475.862660077199, "mds": 0, "mean_pred": 0.500109891449594, "mean_true": 5.899705014744683e-05}, "train.accumulative": {"cor": 0.5673522027734963, "r2": 0, "mann-w": 2.631537852876706e-52, "uplift": 8476.875219582618, "mds": 0, "mean_pred": 0.5001696294735125, "mean_true": 5.899705014744683e-05}, "validation.accumulative": {"cor": 0.5665785162540057, "r2": 0, "mann-w": 1.2974497538640723e-15, "uplift": 8475.862660077199, "mds": 0, "mean_pred": 0.500109891449594, "mean_true": 5.899705014744683e-05}}