	Estimate	p-value
RBM6	0.02438050901132885	0.0
ERI1	1.4443884969419654	0.0
TRA2A	-0.10800646851004603	0.0
TIA1	-0.40044461393389935	0.0
SRSF11	-0.5439249410642863	0.0
SRSF5	-0.6924946131531788	0.0
ZFP36	0.10838162232809828	0.0
PABPN1	-0.013216507898662244	0.0
PABPC1	0.038049855100852625	0.0
GRN	0.17086130384742926	0.0
RBM5	0.08781745701620958	0.0
SRSF6	-0.027061805657913662	0.0
HNRNPH1	0.5687985548885809	0.0
(Intercept)	-5.177159197926196	0.0
