	Estimate	p-value
TIA1	0.06092561420024464	0.0
ESRP1	-0.21574129026570688	0.0
ADAR	0.6953362281703132	0.0
ERI1	1.8288928236961457	0.0
PABPC1	-0.20653018242762022	0.0
OAS1	0.4752850665315971	0.0
SRSF11	-0.7042239794639493	0.0
GRN	0.3516729210263179	0.0
ZRANB2	0.11872851898309375	0.0
SRSF5	-0.5511673141796228	0.0
ZFP36	0.23036650388357585	0.0
PABPN1	0.11715491559332142	0.0
RBM5	0.29106026244218847	0.0
TRA2A	0.09861775343088702	0.0
PPRC1	0.6114159922356249	0.0
(Intercept)	-14.219131006361593	0.0
