{"train": {"cor": 0.24782706512368882, "r2": 0, "mann-w": 1.0994115764984677e-70, "uplift": 28.30127184972509, "mds": 0, "mean_pred": 0.5015648224079369, "mean_true": 0.017117510290347436}, "validation": {"cor": 0.23454422802387948, "r2": 0, "mann-w": 1.7272884866592818e-24, "uplift": 28.185821736382476, "mds": 0, "mean_pred": 0.5014949962730325, "mean_true": 0.017182829416376468}, "train.accumulative": {"cor": 0.21442241436452167, "r2": 0, "mann-w": 1.0994115764984677e-70, "uplift": 28.274711869112572, "mds": 0, "mean_pred": 0.5011101816664907, "mean_true": 0.017117510290347436}, "validation.accumulative": {"cor": 0.24784320836088386, "r2": 0, "mann-w": 1.7272884866592818e-24, "uplift": 28.171391669565857, "mds": 0, "mean_pred": 0.5012470468964556, "mean_true": 0.017182829416376468}}