{"train": {"cor": NaN, "r2": 0, "mann-w": 8.90852044927385e-26, "uplift": 92.74175847141235, "mds": 0, "mean_pred": 0.5013370130513374, "mean_true": 0.0053480649523363274}, "validation": {"cor": NaN, "r2": 0, "mann-w": 1.6527685709226967e-09, "uplift": 69.77426955114248, "mds": 0, "mean_pred": 0.5013370130513374, "mean_true": 0.007083605613040827}, "train.accumulative": {"cor": 0.47640224822740607, "r2": 0, "mann-w": 4.05813329651541e-24, "uplift": 92.74172897396835, "mds": 0, "mean_pred": 0.5013368552970909, "mean_true": 0.0053480649523363274}, "validation.accumulative": {"cor": 0.053957942006259044, "r2": 0, "mann-w": 1.562699999200436e-08, "uplift": 69.77356393878927, "mds": 0, "mean_pred": 0.5013320147717115, "mean_true": 0.007083605613040827}}