{"train": {"cor": 0.5807542889929472, "r2": 0, "mann-w": 1.6714589218971432e-44, "uplift": 1.1650998110286137, "mds": 0, "mean_pred": 0.5353209206070886, "mean_true": 0.24724999645756002}, "validation": {"cor": 0.20868415098629037, "r2": 0, "mann-w": 2.714375012324404e-16, "uplift": 1.6520315551777052, "mds": 0, "mean_pred": 0.5401555488815827, "mean_true": 0.20367613945882646}, "train.accumulative": {"cor": 0.4125624509179672, "r2": 0, "mann-w": 4.0389866638161005e-39, "uplift": 1.0913582435317697, "mds": 0, "mean_pred": 0.517088318304719, "mean_true": 0.24724999645756002}, "validation.accumulative": {"cor": 0.08636857124393926, "r2": 0, "mann-w": 1.9661312164232307e-14, "uplift": 1.5212404539466138, "mds": 0, "mean_pred": 0.5135165223072654, "mean_true": 0.20367613945882646}}