{"train": {"cor": 0.6860014969984304, "r2": 0, "mann-w": 0.0264599489655496, "uplift": 0.14471229746583503, "mds": 0.855287702534165, "mean_pred": 0.6461658305059175, "mean_true": 0.5644788056670658}, "validation": {"cor": 0.18278151910037155, "r2": 0, "mann-w": 0.3112473279566644, "uplift": 0.08972795091517922, "mds": 0.9102720490848207, "mean_pred": 0.676274264256062, "mean_true": 0.6205899955930385}}