	Estimate	p-value
ESRP2	1.2128063765002548	0.0
G3BP2	0.5013157804409524	0.0
KHDRBS3	-0.20487118839957458	0.0
(Intercept)	-7.433218306436155	0.0
