{"train": {"cor": 0.7351389860692091, "r2": 0, "mann-w": 4.260695504803097e-25, "uplift": 62.01130844443066, "mds": 0, "mean_pred": 0.5015733156868902, "mean_true": 0.007960052378998368}, "validation": {"cor": 0.6093111553913032, "r2": 0, "mann-w": 3.3184428214986893e-09, "uplift": 54.895881391435104, "mds": 0, "mean_pred": 0.5012841529863505, "mean_true": 0.008968176912282522}, "train.accumulative": {"cor": 0.7762888569903618, "r2": 0, "mann-w": 4.260695504803097e-25, "uplift": 62.00767297744652, "mds": 0, "mean_pred": 0.5015443771792744, "mean_true": 0.007960052378998368}, "validation.accumulative": {"cor": 0.6561251092096968, "r2": 0, "mann-w": 3.3184428214986893e-09, "uplift": 54.89569697382608, "mds": 0, "mean_pred": 0.501282499096607, "mean_true": 0.008968176912282522}}