{"train": {"cor": NaN, "r2": 0, "mann-w": 1.49606647463177e-155, "uplift": 8474.249999999927, "mds": 0, "mean_pred": 0.5000147492625326, "mean_true": 5.899705014749263e-05}, "validation": {"cor": NaN, "r2": 0, "mann-w": 3.0799842586595697e-54, "uplift": 8474.249999999927, "mds": 0, "mean_pred": 0.5000147492625326, "mean_true": 5.899705014749263e-05}, "train.accumulative": {"cor": -0.07189744894762176, "r2": 0, "mann-w": 7.870001234157792e-135, "uplift": 8474.249843063624, "mds": 0, "mean_pred": 0.5000147400037537, "mean_true": 5.899705014749263e-05}, "validation.accumulative": {"cor": 0.04657879209362998, "r2": 0, "mann-w": 4.3118348902807263e-47, "uplift": 8474.249828015767, "mds": 0, "mean_pred": 0.5000147391159745, "mean_true": 5.899705014749263e-05}}