{"train": {"cor": NaN, "r2": 0, "mann-w": 1.193707689823689e-77, "uplift": 8474.249999999927, "mds": 0, "mean_pred": 0.5000147492625326, "mean_true": 5.899705014749263e-05}, "validation": {"cor": NaN, "r2": 0, "mann-w": 2.842641472814455e-27, "uplift": 8474.249999999927, "mds": 0, "mean_pred": 0.5000147492625326, "mean_true": 5.899705014749263e-05}, "train.accumulative": {"cor": NaN, "r2": 0, "mann-w": 1.193707689823689e-77, "uplift": 8474.249985250664, "mds": 0, "mean_pred": 0.5000147483923696, "mean_true": 5.899705014749263e-05}, "validation.accumulative": {"cor": NaN, "r2": 0, "mann-w": 2.842641472814455e-27, "uplift": 8474.249985250664, "mds": 0, "mean_pred": 0.5000147483923696, "mean_true": 5.899705014749263e-05}}