{"train": {"cor": 0.296915351840467, "r2": 0, "mann-w": 1.5286656600404274e-122, "uplift": 14.230264353250101, "mds": 0, "mean_pred": 0.5018813808633298, "mean_true": 0.0329529001744628}, "validation": {"cor": 0.10792587666714076, "r2": 0, "mann-w": 2.670636392502611e-41, "uplift": 15.120476740021132, "mds": 0, "mean_pred": 0.501376931304548, "mean_true": 0.031101867481363996}, "train.accumulative": {"cor": 0.1655482564721734, "r2": 0, "mann-w": 2.422760369263296e-122, "uplift": 14.184011547663877, "mds": 0, "mean_pred": 0.5003572167780581, "mean_true": 0.0329529001744628}, "validation.accumulative": {"cor": 0.05991185260426092, "r2": 0, "mann-w": 2.670636392502611e-41, "uplift": 15.084940705220669, "mds": 0, "mean_pred": 0.5002716942593708, "mean_true": 0.031101867481363996}}