{"train": {"cor": NaN, "r2": 0, "mann-w": 4.258064451122631e-74, "uplift": 54.15879614125676, "mds": 0, "mean_pred": 0.5021646425366956, "mean_true": 0.009103981190066163}, "validation": {"cor": NaN, "r2": 0, "mann-w": 3.709045339924807e-26, "uplift": 36.304371004787065, "mds": 0, "mean_pred": 0.5021646425366956, "mean_true": 0.013461281587411179}, "train.accumulative": {"cor": NaN, "r2": 0, "mann-w": 4.258064451122631e-74, "uplift": 54.158768087121096, "mds": 0, "mean_pred": 0.5021643871323722, "mean_true": 0.009103981190066163}, "validation.accumulative": {"cor": NaN, "r2": 0, "mann-w": 3.709045339924807e-26, "uplift": 36.304352031532424, "mds": 0, "mean_pred": 0.5021643871323722, "mean_true": 0.013461281587411179}}