{"train": {"cor": 0.2848642104249477, "r2": 0, "mann-w": 0.17955204911564226, "uplift": -0.16277810497476913, "mds": 0.8372218950252308, "mean_pred": 0.7138663000764667, "mean_true": 0.8526608110923249}, "validation": {"cor": 0.6266912313055449, "r2": 0, "mann-w": 0.36196601980698784, "uplift": 0.3575688082310193, "mds": 0.6424311917689807, "mean_pred": 0.708242678388327, "mean_true": 0.5216992863228811}}