{"train": {"cor": NaN, "r2": 0, "mann-w": 1.2579036657260562e-51, "uplift": -0.256174925196222, "mds": 0.743825074803778, "mean_pred": 0.7264410061858511, "mean_true": 0.9766288214705414}, "validation": {"cor": NaN, "r2": 0, "mann-w": 1.2696712375275841e-18, "uplift": -0.25956197540273745, "mds": 0.7404380245972626, "mean_pred": 0.7264410061858511, "mean_true": 0.9810962998300571}, "train.accumulative": {"cor": -0.035887278033606376, "r2": 0, "mann-w": 1.9660455104851745e-45, "uplift": -0.2928215434796478, "mds": 0.7071784565203523, "mean_pred": 0.6906508625608281, "mean_true": 0.9766288214705414}, "validation.accumulative": {"cor": -0.016641819875334484, "r2": 0, "mann-w": 1.5850758116620382e-16, "uplift": -0.29960899732407653, "mds": 0.7003910026759235, "mean_pred": 0.6871510211596121, "mean_true": 0.9810962998300571}}