{"train": {"cor": NaN, "r2": 0, "mann-w": 8.243653005456549e-162, "uplift": -0.26890988889225365, "mds": 0.7310901111077464, "mean_pred": 0.731046978947799, "mean_true": 0.9999410029498526}, "validation": {"cor": NaN, "r2": 0, "mann-w": 2.0067233855759576e-55, "uplift": -0.26890988889225365, "mds": 0.7310901111077464, "mean_pred": 0.731046978947799, "mean_true": 0.9999410029498526}}