{"train": {"cor": 0.8946302725237656, "r2": 0, "mann-w": 5.927167857417858e-12, "uplift": -0.26890988889225365, "mds": 0.7310901111077464, "mean_pred": 0.731046978947799, "mean_true": 0.9999410029498526}, "validation": {"cor": 0.9999927021696642, "r2": 0, "mann-w": 2.140865292590619e-05, "uplift": -0.26892897004237043, "mds": 0.7310710299576295, "mean_pred": 0.7310278989234138, "mean_true": 0.9999410029498526}}