{"train": {"cor": 0.6582512407280184, "r2": 0, "mann-w": 9.607136507419396e-81, "uplift": 8478.369722720163, "mds": 0, "mean_pred": 0.5002578007500638, "mean_true": 5.899705014744683e-05}, "validation": {"cor": 0.550172811811783, "r2": 0, "mann-w": 5.520984272208226e-27, "uplift": 219.56209193766307, "mds": 0, "mean_pred": 0.50056022490814, "mean_true": 0.0022694753233008513}, "train.accumulative": {"cor": 0.6582512407280184, "r2": 0, "mann-w": 9.607136507419396e-81, "uplift": 8478.369722720163, "mds": 0, "mean_pred": 0.5002578007500638, "mean_true": 5.899705014744683e-05}, "validation.accumulative": {"cor": 0.550172811811783, "r2": 0, "mann-w": 5.520984272208226e-27, "uplift": 219.56209193766307, "mds": 0, "mean_pred": 0.50056022490814, "mean_true": 0.0022694753233008513}}