{"train": {"cor": 0.766524958764569, "r2": 0, "mann-w": 6.150926427359824e-25, "uplift": 8474.294235522566, "mds": 0, "mean_pred": 0.5000173590274919, "mean_true": 5.899705014744683e-05}, "validation": {"cor": 0.7446952147931588, "r2": 0, "mann-w": 9.638805287515333e-10, "uplift": 8474.2968941583, "mds": 0, "mean_pred": 0.5000175158791575, "mean_true": 5.899705014744683e-05}, "train.accumulative": {"cor": 0.766524958764569, "r2": 0, "mann-w": 6.150926427359824e-25, "uplift": 8474.294235522566, "mds": 0, "mean_pred": 0.5000173590274919, "mean_true": 5.899705014744683e-05}, "validation.accumulative": {"cor": 0.7446952147931588, "r2": 0, "mann-w": 9.638805287515333e-10, "uplift": 8474.2968941583, "mds": 0, "mean_pred": 0.5000175158791575, "mean_true": 5.899705014744683e-05}}