{"train": {"cor": NaN, "r2": 0, "mann-w": 2.7562811725986273e-24, "uplift": -0.26860372242234576, "mds": 0.7313962775776542, "mean_pred": 0.7309351152027368, "mean_true": 0.9993694767268371}, "validation": {"cor": NaN, "r2": 0, "mann-w": 3.930448650704081e-09, "uplift": -0.2685961328361537, "mds": 0.7314038671638463, "mean_pred": 0.7309351152027368, "mean_true": 0.9993591065317617}}