{"train": {"cor": NaN, "r2": 0, "mann-w": 2.7016879068122768e-49, "uplift": -0.268110287529526, "mds": 0.731889712470474, "mean_pred": 0.730818341026083, "mean_true": 0.9985361572568432}, "validation": {"cor": NaN, "r2": 0, "mann-w": 3.5281204181675245e-18, "uplift": -0.26913854030372847, "mds": 0.7308614596962715, "mean_pred": 0.730818341026083, "mean_true": 0.9999410029498526}}