{"train": {"cor": NaN, "r2": 0, "mann-w": 7.636824713057956e-50, "uplift": -0.2573069872048722, "mds": 0.7426930127951278, "mean_pred": 0.7268745282626099, "mean_true": 0.9787011803531247}, "validation": {"cor": NaN, "r2": 0, "mann-w": 2.992005740255383e-18, "uplift": -0.25480662627641953, "mds": 0.7451933737235805, "mean_pred": 0.7268745282626099, "mean_true": 0.9754173264190005}, "train.accumulative": {"cor": -0.20734273251147084, "r2": 0, "mann-w": 7.28662512712238e-44, "uplift": -0.38294402049564885, "mds": 0.6170559795043511, "mean_pred": 0.603913415484862, "mean_true": 0.9787011803531247}, "validation.accumulative": {"cor": -0.09003923410008023, "r2": 0, "mann-w": 3.364426651940424e-16, "uplift": -0.3881019125379531, "mds": 0.6118980874620469, "mean_pred": 0.5968559965131295, "mean_true": 0.9754173264190005}}