{"train": {"cor": NaN, "r2": 0, "mann-w": 2.7562811725986273e-24, "uplift": 792.2410859977932, "mds": 0, "mean_pred": 0.5001569659506215, "mean_true": 0.0006305232731628994}, "validation": {"cor": NaN, "r2": 0, "mann-w": 3.930448650704081e-09, "uplift": 779.4057783979015, "mds": 0, "mean_pred": 0.5001569659506215, "mean_true": 0.0006408934682382748}, "train.accumulative": {"cor": -0.02667589347471959, "r2": 0, "mann-w": 1.7329043497541717e-21, "uplift": 792.2407650224026, "mds": 0, "mean_pred": 0.5001567635681676, "mean_true": 0.0006305232731628994}, "validation.accumulative": {"cor": -0.3933950936250991, "r2": 0, "mann-w": 3.350188180582478e-08, "uplift": 779.4054829679307, "mds": 0, "mean_pred": 0.500156776611483, "mean_true": 0.0006408934682382748}}