{"train": {"cor": 0.6582512407280183, "r2": 0, "mann-w": 1.062719602467945e-43, "uplift": -0.2691010956261281, "mds": 0.7308989043738718, "mean_pred": 0.7308557834945578, "mean_true": 0.9999410029498526}, "validation": {"cor": 0.550172811811783, "r2": 0, "mann-w": 1.943677107735829e-09, "uplift": -0.26772034801716865, "mds": 0.7322796519828314, "mean_pred": 0.730617761382901, "mean_true": 0.9977305246766992}}