{"train": {"cor": 0.8721907976632356, "r2": 0, "mann-w": 1.3193880647401644e-27, "uplift": -0.26891158824137806, "mds": 0.7310884117586219, "mean_pred": 0.7310452796989312, "mean_true": 0.9999410029498526}, "validation": {"cor": 0.7204103956691077, "r2": 0, "mann-w": 3.69250126653587e-12, "uplift": -0.2689297487031011, "mds": 0.731070251296899, "mean_pred": 0.7310271203086218, "mean_true": 0.9999410029498526}}