{"train": {"cor": 0.6402997359285469, "r2": 0, "mann-w": 1.3677033425778094e-92, "uplift": -0.22350520197017773, "mds": 0.7764947980298222, "mean_pred": 0.7168431945263979, "mean_true": 0.9231783604284579}, "validation": {"cor": 0.25516693157834597, "r2": 0, "mann-w": 7.026836733960833e-35, "uplift": -0.232351990822494, "mds": 0.767648009177506, "mean_pred": 0.7183954721751499, "mean_true": 0.9358396864011572}}