	Estimate	p-value
MSI1	-0.4951224634511494	0.0
ESRP2	1.0576829106878176	0.0
ESRP1	0.4115557066601956	0.0
(Intercept)	-9.454486806204413	0.0
