	Estimate	p-value
ESRP1	0.2813495485067497	0.0
ZCRB1	-0.8028902378998468	0.0
ESRP2	1.0545341028659707	0.0
OAS1	0.17808175126421888	0.0
CFTR	0.11236642253917167	0.0
MSI1	-0.3293684115949319	0.0
(Intercept)	-6.37519231781558	0.0
