{"train": {"cor": 0.4302803074074034, "r2": 0, "mann-w": 5.015731297299445e-84, "uplift": 25.518393775858762, "mds": 0, "mean_pred": 0.5029828878128679, "mean_true": 0.01896732102495448}, "validation": {"cor": 0.3716667488377563, "r2": 0, "mann-w": 4.413909571872167e-28, "uplift": 26.412360640887727, "mds": 0, "mean_pred": 0.5032959840104543, "mean_true": 0.01836018395510776}, "train.accumulative": {"cor": 0.4302803074074034, "r2": 0, "mann-w": 5.015731297299445e-84, "uplift": 25.51838449793246, "mds": 0, "mean_pred": 0.5029827118354613, "mean_true": 0.01896732102495448}, "validation.accumulative": {"cor": 0.3716667488377563, "r2": 0, "mann-w": 4.413909571872167e-28, "uplift": 26.412350050160523, "mds": 0, "mean_pred": 0.5032957895627546, "mean_true": 0.01836018395510776}}