{"train": {"cor": 0.8649880386405199, "r2": 0, "mann-w": 3.928826688082594e-08, "uplift": 25.009510127602542, "mds": 0, "mean_pred": 0.5048524229250294, "mean_true": 0.01941030109556949}, "validation": {"cor": -0.4126896840022499, "r2": 0, "mann-w": 0.00017909714458578683, "uplift": 8515.193214444465, "mds": 0, "mean_pred": 0.5024302781383165, "mean_true": 5.899705014749263e-05}, "train.accumulative": {"cor": 0.9186672584516261, "r2": 0, "mann-w": 4.0100446527033705e-08, "uplift": 25.000023478021664, "mds": 0, "mean_pred": 0.5046682842002764, "mean_true": 0.01941030109556949}, "validation.accumulative": {"cor": -0.35765546386864333, "r2": 0, "mann-w": 0.00017909714458578683, "uplift": 8512.363639539204, "mds": 0, "mean_pred": 0.5022633415657347, "mean_true": 5.899705014749263e-05}}