{"train": {"cor": NaN, "r2": 0, "mann-w": 7.366609477419226e-138, "uplift": 69.02360309155479, "mds": 0, "mean_pred": 0.5017531311029139, "mean_true": 0.007165485764091278}, "validation": {"cor": NaN, "r2": 0, "mann-w": 3.7650138155186557e-47, "uplift": 88.9175847098453, "mds": 0, "mean_pred": 0.5017531311029139, "mean_true": 0.005580144670500426}, "train.accumulative": {"cor": NaN, "r2": 0, "mann-w": 7.366609477419226e-138, "uplift": 69.02358865726251, "mds": 0, "mean_pred": 0.5017530276741979, "mean_true": 0.007165485764091278}, "validation.accumulative": {"cor": NaN, "r2": 0, "mann-w": 3.7650138155186557e-47, "uplift": 88.91756617471368, "mds": 0, "mean_pred": 0.5017530276741979, "mean_true": 0.005580144670500426}}