{"train": {"cor": 0.21670910269308163, "r2": 0, "mann-w": 2.171344253360301e-16, "uplift": -0.26218423586923717, "mds": 0.7378157641307628, "mean_pred": 0.7308078749314443, "mean_true": 0.9905018440374818}, "validation": {"cor": -0.1323870164303878, "r2": 0, "mann-w": 5.896931646727281e-07, "uplift": -0.2690804336835787, "mds": 0.7309195663164213, "mean_pred": 0.7308764442181136, "mean_true": 0.9999410029498526}, "train.accumulative": {"cor": -0.11982284568765035, "r2": 0, "mann-w": 6.373045150495712e-17, "uplift": -0.3993557024161557, "mds": 0.6006442975838443, "mean_pred": 0.5949392843673957, "mean_true": 0.9905018440374818}, "validation.accumulative": {"cor": -0.10700572144111954, "r2": 0, "mann-w": 5.896931646727281e-07, "uplift": -0.31499341135611597, "mds": 0.6850065886438841, "mean_pred": 0.6849661752758225, "mean_true": 0.9999410029498526}}