{"train": {"cor": NaN, "r2": 0, "mann-w": 2.0999221091595516e-28, "uplift": 21.337665212877106, "mds": 0, "mean_pred": 0.5056590228427708, "mean_true": 0.02263705799258156}, "validation": {"cor": NaN, "r2": 0, "mann-w": 2.828778722306536e-10, "uplift": 19.93053727745693, "mds": 0, "mean_pred": 0.5056590228427708, "mean_true": 0.02415891269964612}, "train.accumulative": {"cor": 0.04071045340798428, "r2": 0, "mann-w": 4.260695504803097e-25, "uplift": 21.334033973639997, "mds": 0, "mean_pred": 0.5055768222695753, "mean_true": 0.02263705799258156}, "validation.accumulative": {"cor": -0.2839588211870032, "r2": 0, "mann-w": 3.3184428214986893e-09, "uplift": 19.927153224269798, "mds": 0, "mean_pred": 0.5055772677972519, "mean_true": 0.02415891269964612}}