{"train": {"cor": 0.24782706512368632, "r2": 0, "mann-w": 9.267487680847632e-69, "uplift": -0.25746347866387004, "mds": 0.7425365213361299, "mean_pred": 0.7298261447912, "mean_true": 0.9828824897096526}, "validation": {"cor": 0.23454422802388314, "r2": 0, "mann-w": 1.7272884866592818e-24, "uplift": -0.25735809543042765, "mds": 0.7426419045695724, "mean_pred": 0.7298812154059005, "mean_true": 0.9828171705836235}, "train.accumulative": {"cor": 0.10100347782413847, "r2": 0, "mann-w": 1.368975776450224e-69, "uplift": -0.2902777611286603, "mds": 0.7097222388713397, "mean_pred": 0.6975735611441711, "mean_true": 0.9828824897096526}, "validation.accumulative": {"cor": -0.2519556372848607, "r2": 0, "mann-w": 1.7272884866592818e-24, "uplift": -0.2767694342811701, "mds": 0.7232305657188298, "mean_pred": 0.7108034182793738, "mean_true": 0.9828171705836235}}