{"train": {"cor": 0.5581520388470691, "r2": 0, "mann-w": 1.2882003003499655e-14, "uplift": -0.23664775454940945, "mds": 0.7633522454505905, "mean_pred": 0.7252509826881961, "mean_true": 0.9500869186021663}, "validation": {"cor": 0.46851977921848764, "r2": 0, "mann-w": 2.060830906336601e-05, "uplift": -0.2104495597355859, "mds": 0.7895504402644141, "mean_pred": 0.7235490751958175, "mean_true": 0.9164063982454455}}