{"train": {"cor": NaN, "r2": 0, "mann-w": 8.56758498083731e-51, "uplift": 340.7753634529451, "mds": 0, "mean_pred": 0.5003053855803907, "mean_true": 0.0014638427431568563}, "validation": {"cor": NaN, "r2": 0, "mann-w": 3.5281204181675245e-18, "uplift": 8479.176285587622, "mds": 0, "mean_pred": 0.5003053855803907, "mean_true": 5.899705014749263e-05}, "train.accumulative": {"cor": -0.1954408420918525, "r2": 0, "mann-w": 1.248770198869632e-44, "uplift": 340.77528154422197, "mds": 0, "mean_pred": 0.5003052656789008, "mean_true": 0.0014638427431568563}, "validation.accumulative": {"cor": 0.2583430487064487, "r2": 0, "mann-w": 4.204480910304081e-16, "uplift": 8479.171035785343, "mds": 0, "mean_pred": 0.5003050758575424, "mean_true": 5.899705014749263e-05}}