{"train": {"cor": NaN, "r2": 0, "mann-w": 6.883618988920756e-138, "uplift": -0.25405900459417413, "mds": 0.7459409954058258, "mean_pred": 0.7257029342418942, "mean_true": 0.9728690857741085}, "validation": {"cor": NaN, "r2": 0, "mann-w": 3.8530181992272893e-47, "uplift": -0.25593785220970033, "mds": 0.7440621477902997, "mean_pred": 0.7257029342418942, "mean_true": 0.9753256987968972}, "train.accumulative": {"cor": -0.21165778757424672, "r2": 0, "mann-w": 6.209746751586168e-121, "uplift": -0.32690092970115026, "mds": 0.6730990702988497, "mean_pred": 0.6548372771570443, "mean_true": 0.9728690857741085}, "validation.accumulative": {"cor": -0.13988891230288483, "r2": 0, "mann-w": 1.6660118726947568e-41, "uplift": -0.326167083409314, "mds": 0.673832916590686, "mean_pred": 0.6572065602461622, "mean_true": 0.9753256987968972}}