{"train": {"cor": NaN, "r2": 0, "mann-w": 3.6274118991075103e-73, "uplift": -0.2680482584493716, "mds": 0.7319517415506285, "mean_pred": 0.7307316621090343, "mean_true": 0.9983331149140934}, "validation": {"cor": NaN, "r2": 0, "mann-w": 2.0211232629621916e-24, "uplift": -0.26705932798883886, "mds": 0.7329406720111611, "mean_pred": 0.7307316621090343, "mean_true": 0.9969860999853297}}