{"train": {"cor": 0.6324610247359901, "r2": 0, "mann-w": 1.9400789826481422e-44, "uplift": 8474.383708650017, "mds": 0, "mean_pred": 0.500022637678079, "mean_true": 5.899705014744683e-05}, "validation": {"cor": 0.6525173088836217, "r2": 0, "mann-w": 1.4561071612166323e-17, "uplift": 8475.537835752642, "mds": 0, "mean_pred": 0.5000907277726291, "mean_true": 5.899705014744683e-05}, "train.accumulative": {"cor": 0.6324610247359901, "r2": 0, "mann-w": 1.9400789826481422e-44, "uplift": 8474.383708650017, "mds": 0, "mean_pred": 0.500022637678079, "mean_true": 5.899705014744683e-05}, "validation.accumulative": {"cor": 0.6525173088836217, "r2": 0, "mann-w": 1.4561071612166323e-17, "uplift": 8475.537835752642, "mds": 0, "mean_pred": 0.5000907277726291, "mean_true": 5.899705014744683e-05}}