{"train": {"cor": 0.5868962550532711, "r2": 0, "mann-w": 2.5257648620128593e-116, "uplift": 4.66192425375044, "mds": 0, "mean_pred": 0.5195041636588582, "mean_true": 0.09175399393849898}, "validation": {"cor": 0.49929889104371844, "r2": 0, "mann-w": 3.4326617996723836e-40, "uplift": 4.957221885796044, "mds": 0, "mean_pred": 0.5199478103604267, "mean_true": 0.08728024913763101}, "train.accumulative": {"cor": 0.5868962550532711, "r2": 0, "mann-w": 2.5257648620128593e-116, "uplift": 4.661911725466468, "mds": 0, "mean_pred": 0.5195030141387667, "mean_true": 0.09175399393849898}, "validation.accumulative": {"cor": 0.49929889104371844, "r2": 0, "mann-w": 3.4326617996723836e-40, "uplift": 4.957208416392417, "mds": 0, "mean_pred": 0.5199466347475225, "mean_true": 0.08728024913763101}}