{"train": {"cor": 0.795536264388904, "r2": 0, "mann-w": 0.041371042898034636, "uplift": -0.08202875593783886, "mds": 0.9179712440621611, "mean_pred": 0.6950921054728314, "mean_true": 0.7572046618769277}, "validation": {"cor": 0.39155125800561735, "r2": 0, "mann-w": 0.11596567745096892, "uplift": -0.10797837257370098, "mds": 0.892021627426299, "mean_pred": 0.6915295604952748, "mean_true": 0.7752385583861986}}