{"train": {"cor": 0.28987284214182085, "r2": 0, "mann-w": 0.0, "uplift": -0.2548531163753698, "mds": 0.7451468836246302, "mean_pred": 0.729597933237728, "mean_true": 0.9791330397689283}, "validation": {"cor": 0.28532820446427243, "r2": 0, "mann-w": 0.0, "uplift": -0.25565258046918193, "mds": 0.7443474195308181, "mean_pred": 0.7296480911218153, "mean_true": 0.9802520596924106}, "train.accumulative": {"cor": 0.0006926999428938305, "r2": 0, "mann-w": 0.0, "uplift": -0.33565629424132953, "mds": 0.6643437057586705, "mean_pred": 0.6504808720708415, "mean_true": 0.9791330397689283}, "validation.accumulative": {"cor": 0.00025192745799541144, "r2": 0, "mann-w": 0.0, "uplift": -0.33337171132907073, "mds": 0.6666282886709293, "mean_pred": 0.6534637530189052, "mean_true": 0.9802520596924106}}