	Estimate	p-value
QKI	-0.08843464796632954	0.0
MBNL1	-1.0142097019897858	0.0
RBM24	0.39830323770778103	0.0
FUS	-0.5124101637331206	0.0
PABPC1	-0.26821797101506883	0.0
OAS1	-0.10420992871510311	0.0
G3BP2	0.8400973874743969	0.0
SAMD4A	-0.29586805923136184	0.0
PCBP1	-0.549577021113909	0.0
(Intercept)	7.266094585341113	0.0
