{"train": {"cor": 0.6762385109415708, "r2": 0, "mann-w": 8.264857141842261e-24, "uplift": 0.26214060127822963, "mds": 0.7378593987217703, "mean_pred": 0.6131609106262318, "mean_true": 0.48581030513181706}, "validation": {"cor": 0.23934711237363412, "r2": 0, "mann-w": 9.90828051622472e-13, "uplift": 0.40225040249574656, "mds": 0.5977495975042535, "mean_pred": 0.612980953276376, "mean_true": 0.43714086455984125}, "train.accumulative": {"cor": 0.5561278474113762, "r2": 0, "mann-w": 1.6278538034539306e-16, "uplift": 0.20730606191481846, "mds": 0.7926939380851815, "mean_pred": 0.5865217263263304, "mean_true": 0.48581030513181706}, "validation.accumulative": {"cor": 0.20751360601600227, "r2": 0, "mann-w": 2.2117493928369076e-09, "uplift": 0.32404333889929443, "mds": 0.6759566611007055, "mean_pred": 0.5787934498811365, "mean_true": 0.43714086455984125}}