{"train": {"cor": NaN, "r2": 0, "mann-w": 7.656386419328883e-138, "uplift": -0.2671812130901743, "mds": 0.7328187869098257, "mean_pred": 0.7304157361592755, "mean_true": 0.996720811756637}, "validation": {"cor": NaN, "r2": 0, "mann-w": 1.6435043630657799e-47, "uplift": -0.26736534919583926, "mds": 0.7326346508041608, "mean_pred": 0.7304157361592755, "mean_true": 0.996971321732531}}