	Estimate	p-value
ESRP1	1.3250776695394995	0.0
RBM24	-0.7504774528914415	0.0
(Intercept)	-5.652187300949279	0.0
