{"train": {"cor": 0.7021246037309774, "r2": 0, "mann-w": 3.4959758290173765e-12, "uplift": 14.180928326310621, "mds": 0, "mean_pred": 0.5066500546466421, "mean_true": 0.033374115453041725}, "validation": {"cor": 0.5293341322332739, "r2": 0, "mann-w": 0.0003090209018705871, "uplift": 4.091629967213045, "mds": 0, "mean_pred": 0.5010015622147124, "mean_true": 0.09839708805252018}, "train.accumulative": {"cor": 0.6982635122312019, "r2": 0, "mann-w": 3.730710742529979e-12, "uplift": 14.180405431550136, "mds": 0, "mean_pred": 0.5066326034965359, "mean_true": 0.033374115453041725}, "validation.accumulative": {"cor": 0.5294127592675029, "r2": 0, "mann-w": 0.0003655846068323499, "uplift": 4.091603793842622, "mds": 0, "mean_pred": 0.5009989868312783, "mean_true": 0.09839708805252018}}