{"train": {"cor": NaN, "r2": 0, "mann-w": 3.2052824526152216e-143, "uplift": -0.26871936912905403, "mds": 0.731280630870946, "mean_pred": 0.7309785166579461, "mean_true": 0.9995868696636474}, "validation": {"cor": NaN, "r2": 0, "mann-w": 1.6453376057816114e-49, "uplift": -0.26876660623885135, "mds": 0.7312333937611486, "mean_pred": 0.7309785166579461, "mean_true": 0.9996514421997448}}