{"train": {"cor": NaN, "r2": 0, "mann-w": 6.331718424264996e-73, "uplift": -0.2675448873642518, "mds": 0.7324551126357481, "mean_pred": 0.7305563011459696, "mean_true": 0.997407607023254}, "validation": {"cor": NaN, "r2": 0, "mann-w": 8.924527078880084e-26, "uplift": -0.2674054494624418, "mds": 0.7325945505375582, "mean_pred": 0.7305563011459696, "mean_true": 0.9972177661025556}}