{"train": {"cor": 0.5310075286353937, "r2": 0, "mann-w": 2.9694862001790106e-112, "uplift": -0.26891996737198365, "mds": 0.7310800326280164, "mean_pred": 0.7310369010626696, "mean_true": 0.9999410029498526}, "validation": {"cor": 0.4943713266045063, "r2": 0, "mann-w": 2.168517703147901e-36, "uplift": -0.26892437499550026, "mds": 0.7310756250044997, "mean_pred": 0.7310324936991898, "mean_true": 0.9999410029498526}}