{"train": {"cor": NaN, "r2": 0, "mann-w": 4.151644930483588e-37, "uplift": 8474.249999999927, "mds": 0, "mean_pred": 0.5000147492625326, "mean_true": 5.899705014749263e-05}, "validation": {"cor": NaN, "r2": 0, "mann-w": 4.300118631375343e-13, "uplift": 8474.249999999927, "mds": 0, "mean_pred": 0.5000147492625326, "mean_true": 5.899705014749263e-05}, "train.accumulative": {"cor": 0.07690008449566185, "r2": 0, "mann-w": 1.7010900847430875e-32, "uplift": 8474.249962714955, "mds": 0, "mean_pred": 0.5000147470628292, "mean_true": 5.899705014749263e-05}, "validation.accumulative": {"cor": -0.15195066433797275, "r2": 0, "mann-w": 1.2768086683726279e-11, "uplift": 8474.056987399868, "mds": 0, "mean_pred": 0.5000033620884878, "mean_true": 5.899705014749263e-05}}