{"train": {"cor": NaN, "r2": 0, "mann-w": 2.975258794330805e-51, "uplift": -0.26357208271515187, "mds": 0.7364279172848481, "mean_pred": 0.7290994477179691, "mean_true": 0.9900486260842765}, "validation": {"cor": NaN, "r2": 0, "mann-w": 2.992005740255383e-18, "uplift": -0.26558801065246473, "mds": 0.7344119893475353, "mean_pred": 0.7290994477179691, "mean_true": 0.9927662651119218}}