	Estimate	p-value
QKI	2.08664222758227	0.0
(Intercept)	-8.360049926315588	0.0
