{"train": {"cor": 0.2539524250931824, "r2": 0, "mann-w": 2.1003790237767926e-68, "uplift": 24.09948590662368, "mds": 0, "mean_pred": 0.5012529525094466, "mean_true": 0.019970646186708046}, "validation": {"cor": 0.23024264633525077, "r2": 0, "mann-w": 2.7637373070747953e-24, "uplift": 22.975629662255606, "mds": 0, "mean_pred": 0.5004683727527064, "mean_true": 0.020874045011655504}, "train.accumulative": {"cor": 0.22704569502521807, "r2": 0, "mann-w": 2.1003790237767926e-68, "uplift": 24.052262854765132, "mds": 0, "mean_pred": 0.500309877648923, "mean_true": 0.019970646186708046}, "validation.accumulative": {"cor": 0.2579338739772275, "r2": 0, "mann-w": 2.7637373070747953e-24, "uplift": 22.95804332762455, "mds": 0, "mean_pred": 0.5001012748120277, "mean_true": 0.020874045011655504}}