{"train": {"cor": 0.4761154615362369, "r2": 0, "mann-w": 0.0, "uplift": 8474.800475005028, "mds": 0, "mean_pred": 0.5000472256636252, "mean_true": 5.899705014744683e-05}, "validation": {"cor": 0.4445618994584626, "r2": 0, "mann-w": 0.0, "uplift": 8474.82239650795, "mds": 0, "mean_pred": 0.5000485189676325, "mean_true": 5.899705014744683e-05}, "train.accumulative": {"cor": 0.4761154615362369, "r2": 0, "mann-w": 0.0, "uplift": 8474.800475005028, "mds": 0, "mean_pred": 0.5000472256636252, "mean_true": 5.899705014744683e-05}, "validation.accumulative": {"cor": 0.4445618994584626, "r2": 0, "mann-w": 0.0, "uplift": 8474.82239650795, "mds": 0, "mean_pred": 0.5000485189676325, "mean_true": 5.899705014744683e-05}}