{"train": {"cor": 0.46503327042720244, "r2": 0, "mann-w": 1.2998662552412947e-28, "uplift": -0.2606964697213454, "mds": 0.7393035302786546, "mean_pred": 0.7306988734609946, "mean_true": 0.988361131165684}, "validation": {"cor": 0.3958507184428271, "r2": 0, "mann-w": 6.968883351685827e-08, "uplift": -0.25945925972450584, "mds": 0.7405407402754942, "mean_pred": 0.730489368309785, "mean_true": 0.9864269831232109}}