{"train": {"cor": 0.7314111288320934, "r2": 0, "mann-w": 1.93675691917008e-38, "uplift": 3.6173114031757856, "mds": 0, "mean_pred": 0.5213794519522877, "mean_true": 0.11291840779759474}, "validation": {"cor": 0.5002752864108323, "r2": 0, "mann-w": 4.950928658617221e-12, "uplift": 6.136831833974779, "mds": 0, "mean_pred": 0.5167026022123573, "mean_true": 0.07239943636511126}, "train.accumulative": {"cor": 0.7314111288320934, "r2": 0, "mann-w": 1.93675691917008e-38, "uplift": 3.617300246564651, "mds": 0, "mean_pred": 0.5213781921655221, "mean_true": 0.11291840779759474}, "validation.accumulative": {"cor": 0.5002752864108323, "r2": 0, "mann-w": 4.950928658617221e-12, "uplift": 6.136818233444233, "mds": 0, "mean_pred": 0.5167016175416115, "mean_true": 0.07239943636511126}}