{"train": {"cor": NaN, "r2": 0, "mann-w": 9.431465086813198e-51, "uplift": 711.345666733078, "mds": 0, "mean_pred": 0.5001708460740533, "mean_true": 0.0007021462604916379}, "validation": {"cor": NaN, "r2": 0, "mann-w": 6.012130777073655e-19, "uplift": 8476.895840955203, "mds": 0, "mean_pred": 0.5001708460740533, "mean_true": 5.899705014749263e-05}, "train.accumulative": {"cor": 0.03501806230949518, "r2": 0, "mann-w": 1.3379693982849557e-44, "uplift": 711.3025837975781, "mds": 0, "mean_pred": 0.500140595552001, "mean_true": 0.0007021462604916379}, "validation.accumulative": {"cor": -0.016770693099619836, "r2": 0, "mann-w": 8.945831329318789e-17, "uplift": 8476.334640184334, "mds": 0, "mean_pred": 0.5001377368840315, "mean_true": 5.899705014749263e-05}}