	Estimate	p-value
RBM38	-0.26330007791367144	0.0
QKI	-0.5859225700531059	0.0
AKAP1	0.5765417484076643	0.0
RBMS3	0.5285795635867877	0.0
CELF2	-0.23856098403254877	0.0
CFTR	0.13822683311119482	0.0
ESRP2	0.20556287136333418	0.0
OAS1	0.020338892033031797	0.0
RBMS1	0.027930467301182378	0.0
ESRP1	0.11900090272521449	0.0
RBM24	-0.24682747313948958	0.0
IGF2BP2	-0.020961179653110402	0.0
NOVA1	-0.4008991109494002	0.0
(Intercept)	-2.1061191117829487	0.0
