{"train": {"cor": 0.5584837419887724, "r2": 0, "mann-w": 9.85680784207874e-16, "uplift": 0.4874369014815429, "mds": 0.512563098518457, "mean_pred": 0.602980470243665, "mean_true": 0.40538221799060775}, "validation": {"cor": 0.5605709809330669, "r2": 0, "mann-w": 3.3046036246600486e-07, "uplift": 0.42720374490037455, "mds": 0.5727962550996255, "mean_pred": 0.6042406219203766, "mean_true": 0.42337376431320634}, "train.accumulative": {"cor": 0.5594687024063796, "r2": 0, "mann-w": 2.2403091715637596e-14, "uplift": 0.46982898341816837, "mds": 0.5301710165818316, "mean_pred": 0.5958425333649373, "mean_true": 0.40538221799060775}, "validation.accumulative": {"cor": 0.5544663013104796, "r2": 0, "mann-w": 8.400885039527993e-07, "uplift": 0.4101408789710035, "mds": 0.5898591210289965, "mean_pred": 0.5970166521418873, "mean_true": 0.42337376431320634}}